brand,model,launch_year,km_driven,launch_price,current_price
Maruti,Swift,2018,30000,700000,520000
Maruti,Baleno,2019,25000,850000,680000
Hyundai,i20,2018,35000,800000,610000
Hyundai,Creta,2020,20000,1400000,1200000
Honda,City,2017,50000,1100000,780000
Honda,Amaze,2019,30000,850000,670000 
Tata,Nexon,2021,18000,1200000,1050000
Tata,Punch,2022,12000,900000,830000
Mahindra,XUV300,2020,25000,1300000,1080000
Mahindra,Scorpio,2018,45000,1600000,1200000
Mahindra,Thar Roxx,2024,8000,1850000,1680000
brand,model,launch_year,km_driven,launch_price,current_price
Tata,Nexon,2015,99023,1164062,407421
Honda,Civic,2016,74546,1832107,641237
Tata,Punch,2021,86294,911090,465521
Honda,City,2024,66316,1034602,802445
Hyundai,i20,2020,24339,761901,413653
Tata,Harrier,2025,12909,1783537,1644588
Honda,City,2015,13617,1000665,350232
Maruti,Swift,2018,86340,757142,264999
Maruti,Swift,2025,104044,792453,717452
Honda,Amaze,2019,11716,914541,320089
Hyundai,Venue,2016,44242,1250062,437521
Tata,Punch,2023,21315,930935,782151
Hyundai,Venue,2015,63050,1133784,396824
Hyundai,Venue,2022,88382,1283971,722995
Tata,Harrier,2018,31010,1754743,680117
Mahindra,Scorpio,2023,93043,1615451,1307996
Hyundai,i20,2025,35054,879047,810677
Tata,Punch,2017,118278,812068,351474
Tata,Punch,2017,8367,825759,450957
Tata,Punch,2019,51998,927455,428961
Mahindra,Scorpio,2019,12187,1521239,532433
Mahindra,XUV300,2021,74198,1295750,615437
Mahindra,Thar Roxx,2025,33897,1917352,1805516
Tata,Punch,2024,9529,989347,823875
Tata,Punch,2018,33530,962799,506058
Maruti,Swift,2025,39524,738585,654456
Mahindra,XUV300,2018,47606,1202611,420913
Mahindra,Scorpio,2025,51424,1687642,1600292
Maruti,Swift,2018,89696,770779,341810
Hyundai,i20,2021,31424,713393,449866
Hyundai,Venue,2015,81366,1235467,432413
Hyundai,Venue,2019,113466,1298396,454438
Hyundai,Creta,2016,79734,1452749,508462
Tata,Punch,2017,101930,957434,335101
Hyundai,i20,2019,11408,860489,421355
Honda,City,2018,8237,1012536,354387
Tata,Punch,2015,69668,857728,300204
Tata,Nexon,2021,100916,1131263,580671
Tata,Harrier,2025,20268,1731683,1572250
Mahindra,Scorpio,2019,47329,1679266,587743
Hyundai,Venue,2023,112769,1220987,964228
Mahindra,Scorpio,2015,6926,1547973,541790
Mahindra,XUV300,2025,84271,1349571,1257503
Mahindra,XUV300,2024,62760,1325485,1153974
Mahindra,Scorpio,2019,77254,1664749,705566
Honda,Civic,2023,107827,1803736,1491821
Tata,Harrier,2024,14351,1712527,1387395
Hyundai,Venue,2019,75613,1280656,585705
Tata,Nexon,2022,25805,1163709,729368
Hyundai,Venue,2022,54574,1198728,853978
Hyundai,Venue,2025,16343,1191879,1078038
Tata,Punch,2024,83863,975116,744441
Maruti,Baleno,2023,69466,790416,666144
Mahindra,XUV300,2022,23601,1381607,842463
Hyundai,Creta,2022,117269,1403278,955820
Honda,Amaze,2023,67348,856555,679508
Maruti,Baleno,2015,10081,867827,303739
Mahindra,XUV300,2016,58300,1303960,456386
Tata,Harrier,2019,75755,1761547,616541
Maruti,Baleno,2020,30951,777430,471897
Maruti,Swift,2015,85106,751138,262898
Hyundai,Creta,2015,22069,1395825,488538
Hyundai,Creta,2021,98120,1362743,1011962
Hyundai,i20,2025,8196,796685,718238
Tata,Harrier,2021,28088,1714204,1013867
Honda,City,2019,76276,1181412,413494
Hyundai,i20,2020,42564,753875,317222
Honda,Civic,2023,94824,1880116,1388627
Maruti,Brezza,2021,23148,1093946,595485
Honda,Civic,2020,92193,1776328,715003
Mahindra,Thar Roxx,2015,21239,1773212,620624
Hyundai,Venue,2018,11576,1162827,440272
Maruti,Swift,2021,37505,664258,279328
Maruti,Brezza,2022,44495,1179604,775969
Tata,Nexon,2023,30438,1122500,921865
Mahindra,XUV300,2016,69770,1387377,485581
Hyundai,i20,2025,22434,888414,806479
Tata,Harrier,2016,115929,1786461,625261
Tata,Harrier,2025,65032,1792012,1623166
Tata,Harrier,2017,93257,1804449,631557
Maruti,Baleno,2018,70182,930443,422232
Honda,City,2016,41290,1045015,365755
Hyundai,Creta,2015,33392,1396311,488708
Maruti,Brezza,2024,86816,1027167,885258
Tata,Harrier,2015,13253,1767019,618456
Mahindra,Thar Roxx,2017,49033,1833851,890467
Honda,Amaze,2020,71322,753658,523826
Maruti,Swift,2025,105584,682922,618028
Honda,City,2023,60647,1091025,827976
Mahindra,Thar Roxx,2021,40473,1804477,1133013
Mahindra,XUV300,2017,101876,1202995,421048
Honda,Civic,2016,101047,1804936,631727
Hyundai,i20,2022,21184,740576,545751
Hyundai,Creta,2022,19308,1449507,956960
Mahindra,Thar Roxx,2015,45724,1756509,614778
Maruti,Baleno,2021,90155,910807,639318
Tata,Nexon,2015,78312,1221372,427480
Maruti,Brezza,2023,96600,1043581,697134
Mahindra,Thar Roxx,2020,8399,1868815,728326
Maruti,Baleno,2022,72069,789076,411876
Honda,Amaze,2018,59645,896936,432741
Maruti,Baleno,2024,73108,808836,699620
Hyundai,Venue,2021,99084,1175993,673235
Mahindra,Thar Roxx,2017,74965,1856878,649907
Honda,City,2023,39129,1048553,738265
Maruti,Brezza,2025,42975,1089939,977058
Honda,Civic,2017,31418,1872846,655496
Mahindra,Scorpio,2019,100304,1665781,583023
Honda,Civic,2021,112037,1756421,802543
Mahindra,Thar Roxx,2020,90787,1797481,629118
Hyundai,Venue,2023,70649,1124445,759849
Hyundai,Venue,2024,75509,1297305,1066985
Tata,Punch,2021,30689,967371,493429
Honda,Amaze,2023,22461,880355,633576
Mahindra,Thar Roxx,2018,15583,1924239,844611
Maruti,Swift,2023,5032,659874,513870
Hyundai,Venue,2016,84913,1226240,429184
Mahindra,Thar Roxx,2015,95259,1892128,662244
Mahindra,XUV300,2019,12669,1364346,592139
Maruti,Swift,2020,103647,696193,433724
Tata,Harrier,2021,108413,1803636,1307857
Hyundai,Venue,2019,22128,1247486,436620
Maruti,Baleno,2022,9524,842671,461797
Tata,Punch,2025,102263,935222,863649
Honda,Amaze,2025,102039,933668,842438
Mahindra,Thar Roxx,2018,7443,1928382,674933
Honda,Civic,2017,95690,1885323,659863
Tata,Nexon,2015,118044,1293326,452664
Maruti,Baleno,2021,73545,837903,434295
Hyundai,Venue,2023,100205,1128536,826015
Maruti,Swift,2018,44469,620200,270178
Honda,Amaze,2018,71518,908013,317804
Maruti,Baleno,2023,107424,785173,594173
Hyundai,Creta,2020,7145,1441145,539644
Honda,City,2018,95165,1094238,382983
Maruti,Baleno,2024,64999,786544,598134
Mahindra,Scorpio,2015,118784,1611677,564086
Tata,Punch,2020,5470,888030,445521
Honda,Amaze,2022,82800,787386,614671
Honda,City,2020,15722,1196071,740581
Mahindra,Scorpio,2021,16594,1632391,1097174
Mahindra,Thar Roxx,2022,45540,1789061,1170812
Hyundai,Creta,2025,47829,1352754,1237994
Mahindra,Thar Roxx,2018,96275,1874250,655987
Mahindra,XUV300,2020,13331,1384128,580213
Hyundai,i20,2020,78448,720196,252068
Mahindra,XUV300,2016,13680,1385972,678899
Hyundai,Venue,2025,90588,1210328,1079922
Hyundai,Venue,2019,58561,1102438,385853
Mahindra,XUV300,2020,98846,1267570,668723
Maruti,Brezza,2015,67329,1034867,362203
Honda,City,2025,80128,1076066,950391
Mahindra,Thar Roxx,2022,76322,1816124,1064434
Mahindra,Thar Roxx,2017,42747,1875025,933815
Honda,Civic,2015,54526,1775123,794471
Honda,Civic,2019,75228,1718846,954026
Mahindra,Thar Roxx,2021,86307,1827870,914108
Tata,Nexon,2019,98777,1291441,800577
Honda,Amaze,2016,38113,903150,316102
Honda,City,2024,58551,1012368,813162
Maruti,Swift,2019,60038,631330,293276
Tata,Nexon,2025,96894,1198770,1074505
Maruti,Brezza,2020,57526,1064754,660394
Honda,Amaze,2019,99430,928829,325090
Hyundai,Venue,2017,68716,1120021,392007
Tata,Punch,2017,104865,962907,337017
Honda,Civic,2025,16557,1785703,1675353
Tata,Harrier,2019,63293,1742619,765397
Honda,City,2016,98410,1051189,367916
Tata,Punch,2019,28009,927964,324787
Mahindra,Scorpio,2021,38115,1638297,1109132
Mahindra,Scorpio,2023,24915,1522081,1136791
Maruti,Brezza,2025,94719,1127192,1030375
Maruti,Brezza,2025,84930,1142704,1077931
Mahindra,Thar Roxx,2021,117835,1945108,1157205
Maruti,Brezza,2016,28137,1033830,361840
Hyundai,Venue,2020,17893,1270154,444553
Hyundai,i20,2020,116479,746023,420589
Tata,Nexon,2015,80883,1221243,427435
Honda,Amaze,2018,30871,875456,306409
Hyundai,i20,2016,61111,713215,249625
Maruti,Baleno,2016,24662,880636,308222
Hyundai,Creta,2017,106862,1323382,463183
Hyundai,i20,2016,82953,849700,297395
Hyundai,Venue,2021,79477,1124294,697917
Tata,Punch,2015,48014,872325,305313
Hyundai,i20,2022,81781,835443,494913
Hyundai,Venue,2024,83780,1253792,1070825
Hyundai,Venue,2020,15967,1156057,404619
Hyundai,Venue,2019,109988,1251947,741453
Honda,Civic,2015,76387,1776758,654231
Hyundai,Creta,2015,69310,1416067,495623
Hyundai,Creta,2017,16711,1406178,492162
Hyundai,i20,2020,19232,771701,270095
Honda,City,2020,29278,1008531,540178
Mahindra,Scorpio,2023,55821,1666951,1171328
Maruti,Brezza,2023,30218,1197814,778391
Tata,Nexon,2023,115703,1232062,936844
Tata,Nexon,2020,54172,1122241,392784
Hyundai,Creta,2017,114430,1304782,456673
Mahindra,Scorpio,2018,57925,1607979,800600
Maruti,Baleno,2016,48834,862045,301715
Honda,Amaze,2018,116602,757312,271240
Maruti,Brezza,2017,15334,1032906,469725
Hyundai,Venue,2022,115433,1206724,676911
Hyundai,Venue,2022,98398,1263593,787700
Honda,Civic,2025,104881,1857396,1684970
Tata,Harrier,2024,103696,1711513,1369119
Mahindra,Thar Roxx,2015,97091,1820703,637246
Maruti,Baleno,2016,106170,864872,302705
Mahindra,Thar Roxx,2024,79414,1809905,1628497
Honda,City,2017,66121,1153327,511365
Tata,Punch,2021,78762,884183,392450
Honda,City,2018,64537,1188582,503118
Tata,Harrier,2015,48543,1770576,619701
Mahindra,Scorpio,2018,115714,1565247,923929
Honda,Amaze,2019,54386,825573,351366
Honda,City,2022,37368,1125295,806482
Maruti,Swift,2022,52446,605939,393787
Mahindra,Scorpio,2022,67395,1558352,1040800
Honda,City,2016,70381,1164445,407555
Honda,Civic,2023,119892,1885538,1390539
Tata,Harrier,2018,64274,1809402,633290
Honda,Amaze,2024,47943,931099,777257
Tata,Punch,2021,38398,991567,554658
Honda,Civic,2015,10646,1839338,643768
Hyundai,i20,2016,102419,774311,271008
Tata,Nexon,2021,18180,1249259,637455
Maruti,Brezza,2016,97899,1083645,379275
Honda,Civic,2023,66359,1730368,1403944
Mahindra,Thar Roxx,2019,109468,1784984,798772
Mahindra,Thar Roxx,2023,49941,1761604,1411483
Hyundai,i20,2018,66907,837017,492969
Hyundai,i20,2016,100017,736653,257828
Tata,Punch,2020,100607,948080,651420
Maruti,Brezza,2017,90546,1176700,411845
Mahindra,Thar Roxx,2018,53297,1789773,696060
Hyundai,Creta,2021,66730,1380657,762424
Honda,Civic,2025,49608,1739806,1617456
Mahindra,Scorpio,2018,76003,1581119,903868
Hyundai,Venue,2023,34444,1255105,926481
Hyundai,i20,2025,59788,740768,699933
Honda,City,2015,61557,1020802,357280
Mahindra,Thar Roxx,2023,34519,1932635,1306591
Mahindra,Thar Roxx,2021,61026,1899572,1365649
Maruti,Baleno,2016,96563,801075,280376
Honda,Amaze,2015,14301,779731,333646
Hyundai,Creta,2020,64057,1359888,616884
Tata,Nexon,2015,61616,1165641,427073
Hyundai,Venue,2021,24527,1157656,690858
Hyundai,Creta,2021,13362,1369031,637016
Honda,Civic,2023,91725,1868160,1497092
Honda,Civic,2020,11549,1761225,992843
Mahindra,XUV300,2023,12462,1255393,1019432
Maruti,Swift,2018,44072,714559,302178
Mahindra,Thar Roxx,2021,46518,1818386,900503
Hyundai,i20,2018,110406,887271,310544
Hyundai,i20,2021,29431,829344,433706
Maruti,Brezza,2016,45031,1138743,398560
Honda,City,2021,10534,1181743,807954
Tata,Punch,2023,34602,833563,685444
Honda,Civic,2016,109372,1739749,608912
Maruti,Brezza,2023,99910,1034019,724900
Maruti,Baleno,2021,39306,777690,537010
Hyundai,Venue,2019,112829,1127037,394462
Maruti,Swift,2023,100214,736569,604882
Mahindra,Thar Roxx,2024,15857,1895248,1532099
Maruti,Swift,2023,32991,677503,571169
Maruti,Baleno,2020,83723,846771,299965
Honda,Amaze,2019,14545,788634,276021
Tata,Harrier,2025,38416,1876578,1738899
Honda,Civic,2024,100746,1752162,1347882
Honda,City,2017,116490,1058783,394748
Maruti,Swift,2020,6674,640584,224204
Mahindra,XUV300,2023,10675,1303232,892411
Maruti,Swift,2018,111901,764115,267440
Maruti,Baleno,2015,60517,877265,307042
Hyundai,Creta,2019,82970,1404352,491523
Honda,City,2018,85467,1047645,371576
Hyundai,Venue,2021,90289,1156505,476589
Mahindra,XUV300,2018,61043,1270487,444670
Tata,Harrier,2022,75259,1703000,1269564
Mahindra,XUV300,2025,46293,1235780,1122363
Hyundai,Creta,2022,56335,1418518,902657
Honda,Amaze,2018,67739,845508,479307
Tata,Punch,2015,22453,991805,347131
Tata,Nexon,2021,81606,1248134,821025
Tata,Nexon,2022,117125,1170196,712513
Hyundai,i20,2020,115583,741430,259500
Tata,Harrier,2024,15042,1802684,1567183
Mahindra,Thar Roxx,2021,86924,1895780,805844
Maruti,Swift,2022,97278,670924,372461
Tata,Nexon,2017,53044,1218193,636056
Mahindra,Thar Roxx,2017,99052,1813018,973493
Maruti,Brezza,2025,28464,1104096,972054
Tata,Nexon,2022,8574,1102897,732338
Maruti,Brezza,2016,51182,1070243,374585
Honda,Civic,2017,48993,1749955,915933
Maruti,Baleno,2015,10122,946046,331116
Mahindra,Scorpio,2022,66339,1607358,1200605
Honda,Civic,2015,31882,1868881,654108
Maruti,Baleno,2018,77271,877099,489196
Mahindra,Scorpio,2021,95752,1690507,1060862
Mahindra,XUV300,2017,80916,1338689,468541
Honda,Civic,2020,83618,1745920,851392
Mahindra,XUV300,2025,23616,1314073,1192925
Tata,Punch,2017,14837,841089,294381
Mahindra,Scorpio,2019,62372,1564414,847555
Maruti,Swift,2025,15722,656656,600315
Honda,Civic,2022,15809,1801777,1415608
Honda,City,2017,97153,1015915,355570
Hyundai,Venue,2023,99145,1252284,820346
Hyundai,i20,2025,68879,851344,797836
Tata,Punch,2024,50099,866839,729610
Tata,Punch,2017,119459,931649,425889
Tata,Nexon,2016,48032,1103959,386385
Mahindra,Scorpio,2025,30044,1620862,1476946
Tata,Punch,2016,17006,940019,329006
Hyundai,i20,2018,77513,882172,308760
Hyundai,Venue,2025,48668,1283363,1211563
Mahindra,Scorpio,2019,17720,1592711,557448
Hyundai,i20,2022,92132,764665,561206
Maruti,Brezza,2021,69830,1034744,725352
Mahindra,Scorpio,2022,88949,1655934,873592
Mahindra,Scorpio,2023,101193,1631025,1346649
Honda,City,2023,29352,1137035,759172
Honda,City,2020,34775,1145956,643215
Honda,Civic,2019,18314,1897422,1127819
Honda,City,2019,95878,1008104,352836
Maruti,Brezza,2019,69176,1054423,622188
Tata,Nexon,2018,26749,1135891,397561
Hyundai,Venue,2023,69946,1209154,862703
Honda,Amaze,2017,95053,918373,321430
Hyundai,Creta,2018,32206,1403139,633588
Hyundai,i20,2021,70579,878235,386415
Maruti,Baleno,2019,112240,849831,297440
Tata,Punch,2020,29133,992461,429028
Honda,Civic,2024,97852,1737448,1372848
Maruti,Swift,2022,10563,658702,451105
Tata,Harrier,2021,28556,1891315,1223956
Mahindra,Scorpio,2022,84022,1503181,792695
Tata,Nexon,2018,106855,1130392,395637
Honda,Civic,2018,36066,1813018,634556
Hyundai,i20,2017,7322,899936,314977
Hyundai,i20,2018,33594,860671,301234
Tata,Harrier,2023,55599,1830176,1447686
Maruti,Brezza,2017,53746,1191765,417117
Mahindra,Scorpio,2017,94252,1654660,653605
Mahindra,Scorpio,2020,98621,1564769,740030
Tata,Harrier,2018,16076,1797575,629151
Maruti,Baleno,2019,119117,773170,395046
Tata,Punch,2023,9047,875382,719251
Maruti,Baleno,2019,112426,920033,508122
Tata,Harrier,2022,41560,1712273,1269494
Maruti,Brezza,2018,27420,1073047,404128
Hyundai,Venue,2022,46744,1287286,846110
Honda,Amaze,2021,103262,807722,481079
Mahindra,XUV300,2021,39205,1336052,711124
Tata,Harrier,2017,113018,1731009,605853
Maruti,Baleno,2019,105749,905073,316775
Maruti,Brezza,2020,34085,1172080,769548
Honda,Civic,2023,90526,1797707,1256318
Maruti,Brezza,2016,85524,1064853,372698
Mahindra,XUV300,2020,74870,1289358,601340
Honda,Amaze,2021,85194,932380,586706
Hyundai,i20,2015,61599,723531,253235
Honda,City,2016,14221,1091191,381916
Mahindra,XUV300,2018,87201,1285565,449947
Maruti,Swift,2017,111588,774854,360544
Hyundai,i20,2015,118570,744373,260530
Tata,Nexon,2021,59856,1121427,810615
Maruti,Baleno,2025,94399,803626,747424
Hyundai,i20,2023,5479,793106,601158
Honda,City,2019,33149,1062936,372027
Honda,Civic,2015,40778,1719294,601752
Mahindra,XUV300,2021,103697,1238915,821924
Hyundai,Creta,2016,113551,1356976,474941
Mahindra,XUV300,2022,44049,1331627,839398
Hyundai,Creta,2015,33493,1476094,516632
Honda,Civic,2020,39330,1708461,608745
Mahindra,XUV300,2018,97691,1311900,494223
Honda,City,2017,117640,1117472,391115
Maruti,Baleno,2018,83035,807148,282501
Mahindra,Thar Roxx,2023,85958,1879973,1463588
Tata,Nexon,2019,81391,1172599,410409
Hyundai,Creta,2018,24572,1407137,529844
Honda,City,2016,19697,1003085,470959
Mahindra,Scorpio,2020,109432,1539916,749657
Tata,Nexon,2024,66961,1157138,915193
Maruti,Brezza,2018,62919,1004619,351616
Tata,Nexon,2023,99983,1166776,844854
Maruti,Swift,2023,110577,677216,500866
Hyundai,Creta,2015,14137,1403132,532607
Hyundai,Venue,2025,71432,1179184,1049181
Mahindra,Thar Roxx,2017,5590,1789320,626262
Tata,Nexon,2020,48566,1246655,493627
Hyundai,i20,2016,108093,760303,266106
Maruti,Swift,2018,31862,697790,244226
Hyundai,Creta,2015,50353,1370536,479687
Honda,City,2016,54423,1102916,488601
Mahindra,XUV300,2022,116035,1381391,826223
Honda,City,2025,59757,1073061,1013712
Maruti,Swift,2018,67868,617847,297057
Hyundai,i20,2024,74233,801889,678243
Tata,Nexon,2015,86114,1280100,448035
Mahindra,Thar Roxx,2018,35714,1762078,616727
Mahindra,Thar Roxx,2022,106884,1809920,1425690
Mahindra,XUV300,2021,112241,1323659,565188
Honda,Civic,2018,39027,1741227,609429
Tata,Harrier,2019,7843,1736221,815586
Hyundai,Venue,2017,77409,1169962,558378
Tata,Punch,2015,45167,984069,344424
Mahindra,Thar Roxx,2017,68583,1813157,634604
Hyundai,Creta,2017,95016,1358985,662940
Maruti,Baleno,2022,27279,798534,579069
Mahindra,Scorpio,2018,49288,1511715,812885
Hyundai,Venue,2018,74275,1158580,405503
Honda,Civic,2016,58983,1860402,823505
Hyundai,Creta,2025,79487,1365614,1243511
Tata,Nexon,2025,62011,1222345,1131837
Honda,Civic,2021,21492,1804996,1251486
Mahindra,Thar Roxx,2019,16743,1796800,652205
Honda,Amaze,2015,100369,861313,301459
Mahindra,XUV300,2020,119485,1248424,618170
Mahindra,XUV300,2017,10488,1329879,465457
Honda,Civic,2016,54625,1874425,701084
Tata,Nexon,2023,99335,1149463,929783
Mahindra,XUV300,2021,111995,1219015,567108
Hyundai,Venue,2019,61548,1128262,671107
Tata,Punch,2025,97241,965228,892845
Maruti,Swift,2015,117726,654410,229043
Mahindra,XUV300,2021,57597,1382572,746477
Hyundai,Creta,2017,34887,1342341,469819
Maruti,Brezza,2020,76338,1070358,572744
Hyundai,i20,2017,43047,895368,313378
Tata,Harrier,2019,50428,1768311,692176
Hyundai,Venue,2020,14517,1114008,389902
Maruti,Swift,2025,87997,614583,580572
Maruti,Brezza,2021,42082,1008636,726819
Tata,Nexon,2019,14300,1219913,426969
Hyundai,i20,2024,7222,744499,591807
Tata,Harrier,2025,84530,1861026,1676390
Tata,Harrier,2016,19078,1855959,649585
Maruti,Brezza,2023,6819,1015799,719911
Tata,Harrier,2015,88130,1843867,645353
Tata,Harrier,2015,106864,1799377,629781
Tata,Harrier,2017,54335,1857800,755431
Tata,Nexon,2015,43415,1277469,490295
Hyundai,Creta,2020,73929,1389421,871973
Tata,Harrier,2016,100140,1867617,653665
Hyundai,i20,2018,60456,876109,306638
Tata,Nexon,2017,92235,1239955,433984
Mahindra,Thar Roxx,2015,115566,1861331,651465
Tata,Harrier,2022,95821,1887871,1025346
Maruti,Swift,2025,68896,620624,578782
Maruti,Brezza,2021,99126,1199718,790239
Maruti,Baleno,2018,111138,843581,295253
Honda,Amaze,2019,88114,847130,368132
Maruti,Swift,2015,43253,695956,243584
Honda,City,2022,8220,1093275,797737
Maruti,Brezza,2018,112292,1174226,410979
Honda,Amaze,2020,17391,753281,475746
Hyundai,Venue,2020,67280,1270806,823915
Honda,Civic,2018,46119,1713035,795639
Honda,City,2019,108403,1015032,368145
Tata,Nexon,2020,81395,1168059,408820
Mahindra,XUV300,2023,37823,1374513,880646
Maruti,Baleno,2021,94504,935905,470493
Tata,Nexon,2017,116349,1105369,596959
Honda,City,2015,70310,1073851,375847
Mahindra,XUV300,2017,117240,1297196,656436
Hyundai,i20,2020,62905,750023,375051
Hyundai,Creta,2021,28314,1432910,705177
Honda,Civic,2019,96092,1890057,757025
Tata,Punch,2024,33652,892033,797721
Honda,Civic,2016,79372,1804264,631492
Tata,Nexon,2024,96353,1297008,1164948
Tata,Harrier,2023,11836,1713853,1253734
Hyundai,Creta,2015,51118,1473236,515632
Hyundai,i20,2025,31222,751369,669212
Hyundai,Venue,2018,14483,1271196,585977
Honda,Civic,2022,89127,1822682,1184280
Maruti,Baleno,2021,29629,944427,491308
Maruti,Brezza,2017,51508,1191212,416924
Tata,Nexon,2020,104466,1296457,498424
Tata,Nexon,2018,90295,1298836,454592
Hyundai,Venue,2020,41819,1241001,796490
Honda,Civic,2020,66347,1849027,647159
Honda,City,2015,73039,1039123,363693
Mahindra,XUV300,2015,112671,1292912,452519
Maruti,Baleno,2022,103553,903562,487054
Maruti,Baleno,2020,76085,880061,614448
Honda,City,2022,87272,1095005,701891
Tata,Harrier,2018,112090,1841960,644686
Mahindra,Thar Roxx,2023,71342,1863197,1192997
Tata,Nexon,2025,61773,1280478,1135193
Maruti,Brezza,2016,64526,1138372,398430
Mahindra,Scorpio,2021,97271,1649659,759980
Hyundai,i20,2021,48719,818955,366011
Honda,Amaze,2023,63609,759375,545789
Honda,Amaze,2015,47203,851938,298178
Hyundai,Creta,2022,6938,1381098,1085670
Honda,Amaze,2022,53087,895271,640111
Honda,City,2022,110357,1062377,704837
Maruti,Swift,2020,8757,658318,268868
Tata,Punch,2023,118504,811524,658608
Mahindra,Thar Roxx,2015,106624,1922185,672764
Hyundai,Venue,2019,27447,1277505,621892
Mahindra,Scorpio,2024,112713,1674063,1461681
Maruti,Brezza,2019,76825,1111130,616901
Honda,City,2018,35704,1056898,369914
Honda,Civic,2018,46022,1815342,972877
Honda,Civic,2024,51204,1725453,1367761
Maruti,Brezza,2020,31437,1083248,680360
Tata,Harrier,2021,60282,1728273,1135383
Honda,Civic,2025,75380,1820025,1628191
Tata,Harrier,2025,12586,1846770,1661413
Maruti,Brezza,2022,66227,1044323,684131
Hyundai,Venue,2017,11540,1297651,454177
Hyundai,Creta,2017,43458,1411222,676461
Mahindra,Thar Roxx,2016,25254,1782525,623883
Maruti,Brezza,2024,95699,1179529,1041670
Maruti,Baleno,2017,38097,771990,297492
Tata,Harrier,2019,97017,1769340,951489
Honda,Civic,2020,79944,1808597,697672
Mahindra,Thar Roxx,2019,17013,1849733,819105
Hyundai,i20,2016,60249,857208,300022
Maruti,Brezza,2024,67850,1166515,981964
Tata,Nexon,2019,83232,1145869,534335
Hyundai,Creta,2017,76677,1490646,716306
Honda,Amaze,2023,84986,878735,577897
Hyundai,Venue,2015,30483,1219760,426916
Tata,Harrier,2017,87393,1799316,629760
Honda,City,2020,53110,1091343,453734
Tata,Nexon,2024,66407,1253343,988589
Honda,City,2018,105408,1130588,395705
Maruti,Brezza,2020,61009,1126099,707366
Mahindra,Thar Roxx,2015,56482,1778625,622518
Tata,Nexon,2015,19834,1283632,449271
Honda,City,2016,16718,1055702,369495
Mahindra,XUV300,2015,23993,1245520,435932
Mahindra,XUV300,2016,78395,1216489,425771
Hyundai,Creta,2015,68249,1395886,488560
Mahindra,Thar Roxx,2020,52137,1824846,997200
Honda,City,2018,42615,1099412,394132
Mahindra,XUV300,2022,78804,1333730,748816
Honda,Amaze,2020,5062,752359,395568
Mahindra,Scorpio,2019,12178,1623024,568058
Mahindra,Scorpio,2025,56451,1585203,1496988
Mahindra,Thar Roxx,2024,114189,1895972,1464288
Tata,Harrier,2022,93151,1843707,993408
Maruti,Brezza,2024,99862,1191964,1015933
Maruti,Baleno,2024,26901,763047,650542
Honda,City,2018,105940,1083896,379363
Hyundai,i20,2022,11664,733746,479027
Honda,City,2015,74380,1079842,377944
Mahindra,XUV300,2022,70563,1368331,1000992
Maruti,Swift,2022,31472,766654,480468
Hyundai,i20,2020,79162,886875,310406
Maruti,Swift,2025,105505,681983,641462
Maruti,Swift,2025,114916,730377,693118
Tata,Punch,2021,35985,825715,539048
Mahindra,Scorpio,2015,71991,1681529,588535
Tata,Nexon,2024,46801,1297106,1007020
Maruti,Swift,2020,63901,618899,379346
Hyundai,Venue,2024,75069,1171189,980631
Maruti,Brezza,2019,51681,1149165,576630
Tata,Nexon,2021,66589,1158381,634144
Mahindra,Scorpio,2017,11320,1672900,814158
Hyundai,Venue,2024,77836,1241468,984417
Honda,City,2020,92775,1096621,430679
Mahindra,Scorpio,2021,59549,1556415,964656
Tata,Punch,2020,28232,835976,433247
Hyundai,i20,2021,26775,768994,323089
Tata,Punch,2015,91313,850157,297554
Mahindra,Thar Roxx,2025,107007,1818288,1710211
Mahindra,Scorpio,2015,48329,1518092,531332
Tata,Punch,2025,89057,910832,832715
Hyundai,Venue,2020,99333,1144296,755570
Maruti,Baleno,2018,83760,842252,294788
Honda,Amaze,2016,37595,817811,286233
Tata,Harrier,2017,53680,1885399,953653
Honda,Civic,2025,72313,1889830,1703499
Mahindra,Scorpio,2015,104531,1651872,578155
Hyundai,Creta,2021,30648,1325296,901964
Mahindra,XUV300,2022,84707,1202807,910917
Tata,Nexon,2022,70426,1240429,912236
Maruti,Brezza,2018,57344,1184088,414430
Hyundai,i20,2023,52122,783280,659224
Mahindra,Scorpio,2015,93507,1645767,576018
Honda,Amaze,2022,33307,809831,540027
Tata,Nexon,2021,7979,1181301,598892
Tata,Punch,2019,38304,854043,373762
Maruti,Baleno,2023,111046,812084,635115
Mahindra,Thar Roxx,2015,66166,1819638,636873
Maruti,Brezza,2017,18397,1000693,350242
Tata,Punch,2015,61481,958761,335566
Maruti,Brezza,2015,8711,1154156,403954
Hyundai,Venue,2018,97802,1197728,419204
Mahindra,XUV300,2024,65319,1388637,1220896
Hyundai,Venue,2019,38791,1102700,385945
Hyundai,i20,2021,33032,846113,481626
Honda,Amaze,2022,46883,919541,505871
Mahindra,Scorpio,2021,39171,1547295,998663
Mahindra,XUV300,2024,116933,1291766,1013271
Mahindra,Scorpio,2025,34330,1521441,1381106
Honda,Amaze,2025,61149,852035,752609
Maruti,Baleno,2016,73191,809726,283404
Tata,Nexon,2022,46287,1232173,747298
Hyundai,i20,2019,16790,841596,495167
Honda,City,2023,89523,1053920,884389
Hyundai,i20,2024,71587,794194,626303
Maruti,Baleno,2022,86614,799692,603856
Mahindra,Scorpio,2025,61213,1606667,1516031
Honda,City,2018,22889,1145913,401069
Hyundai,Creta,2020,56213,1459963,510987
Mahindra,XUV300,2022,23130,1290871,821334
Mahindra,XUV300,2025,87534,1247911,1107758
Honda,City,2022,108404,1190738,746587
Tata,Punch,2020,112446,884399,380392
Hyundai,i20,2024,48596,828211,691053
Hyundai,Venue,2015,97863,1119151,403790
Honda,City,2020,41923,1042485,718968
Mahindra,Thar Roxx,2024,46445,1864994,1456146
Maruti,Swift,2019,79204,770659,269730
Tata,Nexon,2023,56596,1273587,1007472
Maruti,Swift,2022,25201,754473,455470
Maruti,Swift,2022,48229,737033,548463
Maruti,Baleno,2015,21650,780956,273334
Mahindra,XUV300,2019,36934,1381323,483463
Hyundai,Creta,2016,80173,1404477,491566
Tata,Punch,2019,72843,873518,305731
Honda,City,2024,106886,1104738,842300
Hyundai,Venue,2018,88927,1230917,430820
Tata,Punch,2017,9423,954903,334216
Hyundai,Creta,2025,111471,1350584,1214985
Hyundai,Venue,2021,81302,1203086,688310
Maruti,Brezza,2016,22410,1094676,470814
Hyundai,Creta,2018,12109,1406670,492334
Maruti,Brezza,2017,98539,1131385,395984
Mahindra,XUV300,2025,97946,1355761,1197468
Maruti,Baleno,2021,30109,869868,354966
Hyundai,Creta,2020,77712,1384285,830944
Hyundai,Creta,2017,99539,1497579,524152
Mahindra,XUV300,2017,9161,1385029,484760
Hyundai,Creta,2024,30351,1484494,1143913
Maruti,Brezza,2016,59919,1130738,395758
Hyundai,i20,2022,27063,786146,550804
Honda,City,2017,24006,1139954,398983
Maruti,Swift,2024,110473,600808,471525
Maruti,Brezza,2020,111240,1049716,468869
Maruti,Brezza,2019,30531,1151053,402868
Tata,Harrier,2021,49479,1819422,774044
Mahindra,Scorpio,2022,92931,1550351,891137
Mahindra,Thar Roxx,2016,82890,1897674,664185
Honda,Civic,2023,16065,1842448,1473361
Honda,Amaze,2022,68148,835625,530633
Honda,Civic,2017,57915,1875646,656476
Hyundai,Creta,2019,55017,1335815,517947
Mahindra,Thar Roxx,2024,104839,1793761,1444430
Maruti,Brezza,2024,26692,1063412,810789
Maruti,Brezza,2024,95522,1027545,812125
Honda,City,2023,7464,1153100,744230
Mahindra,XUV300,2025,16873,1325718,1195321
Tata,Punch,2018,20470,872751,337004
Maruti,Swift,2021,42506,625747,290171
Honda,Amaze,2023,39451,794689,515427
Hyundai,Creta,2021,77214,1303524,677272
Maruti,Brezza,2019,11420,1137220,398027
Maruti,Baleno,2022,37010,853009,624623
Maruti,Brezza,2022,78821,1037387,637021
Hyundai,i20,2017,88925,727907,275436
Hyundai,i20,2025,66283,758385,690805
Tata,Nexon,2019,23112,1147933,401776
Hyundai,i20,2022,73297,745486,448287
Honda,Amaze,2019,56711,894539,313088
Mahindra,Thar Roxx,2016,71632,1875381,656383
Hyundai,i20,2017,80105,899324,314763
Tata,Nexon,2025,36561,1159855,1097859
Honda,City,2023,6419,1012178,754573
Maruti,Swift,2025,36528,768118,719418
Hyundai,Venue,2023,36217,1236520,1030786
Hyundai,Creta,2025,18128,1318443,1163078
Mahindra,Thar Roxx,2017,111170,1948800,682080
Hyundai,Creta,2016,41150,1436869,502904
Mahindra,Thar Roxx,2016,32148,1763284,617149
Hyundai,Creta,2025,91017,1381913,1216642
Tata,Harrier,2019,88222,1708769,598069
Maruti,Brezza,2015,85784,1167069,408474
Hyundai,Creta,2021,25496,1375142,786400
Hyundai,Creta,2024,20345,1438518,1181456
Tata,Harrier,2018,81849,1840973,644340
Tata,Harrier,2020,98293,1719070,695020
Mahindra,Scorpio,2025,29667,1659264,1552107
Maruti,Swift,2017,105419,631035,220862
Tata,Harrier,2021,103734,1719308,775652
Maruti,Brezza,2022,104343,1177013,704363
Hyundai,Venue,2022,45920,1231191,720534
Hyundai,Creta,2015,18568,1483488,519220
Honda,Civic,2018,64892,1846092,646132
Maruti,Swift,2020,60254,715139,442990
Tata,Harrier,2020,17559,1804283,939102
Honda,Amaze,2018,59109,794760,278166
Honda,City,2023,76697,1191866,918390
Mahindra,Thar Roxx,2024,9284,1910503,1708230
Honda,Amaze,2018,64647,760972,424094
Honda,Civic,2021,110054,1847620,1129341
Honda,Amaze,2017,108143,830454,308796
Honda,City,2022,118576,1065933,743493
Honda,Civic,2018,58758,1855018,649256
Tata,Punch,2019,23119,954583,478072
Honda,City,2018,10412,1054285,408644
Maruti,Swift,2022,90388,710411,445421
Mahindra,Thar Roxx,2024,75936,1836541,1397325
Maruti,Swift,2025,89986,657442,619365
Mahindra,XUV300,2015,83276,1236624,432818
Mahindra,Scorpio,2019,7533,1614247,564986
Tata,Harrier,2018,58759,1713779,991000
Maruti,Brezza,2017,94335,1065529,372935
Tata,Punch,2015,63359,846082,296128
Maruti,Baleno,2021,66631,948919,642292
Maruti,Brezza,2018,18151,1178283,651895
Honda,Civic,2015,29153,1830590,640706
Honda,Civic,2020,57638,1795376,1014099
Maruti,Brezza,2021,60919,1000208,510189
Mahindra,Thar Roxx,2024,85436,1883301,1586172
Honda,Amaze,2021,93778,910313,674231
Hyundai,Venue,2019,84623,1287248,630054
Tata,Punch,2022,92761,953058,666781
Honda,City,2015,63499,1088679,381037
Hyundai,Venue,2015,89960,1188556,415994
Mahindra,XUV300,2016,23221,1306312,481283
Mahindra,Scorpio,2015,106836,1677522,587132
Maruti,Baleno,2024,47122,949416,802102
Maruti,Swift,2021,103979,715506,371204
Mahindra,Scorpio,2015,80951,1578512,552479
Honda,Amaze,2024,45013,869949,768021
Mahindra,Scorpio,2022,43479,1609678,971548
Tata,Punch,2016,83432,813354,284673
Hyundai,i20,2022,81577,881318,531443
Tata,Punch,2023,106532,854209,637074
Maruti,Swift,2024,15202,611813,481208
Tata,Harrier,2023,27456,1757041,1160502
Mahindra,Scorpio,2025,84618,1515369,1354803
Tata,Harrier,2016,73797,1710301,598605
Hyundai,Venue,2022,76191,1237939,758383
Maruti,Swift,2020,38658,731694,510478
Tata,Harrier,2015,91630,1830057,640519
Honda,Amaze,2017,67386,820746,287261
Honda,Civic,2025,92511,1866226,1737290
Maruti,Brezza,2022,68252,1022352,611820
Tata,Harrier,2019,27098,1841278,644447
Hyundai,Creta,2023,10714,1434639,1048576
Honda,Civic,2017,34163,1847230,646530
Hyundai,i20,2017,87239,890602,462139
Mahindra,Scorpio,2016,88512,1698899,594614
Tata,Harrier,2019,64570,1880955,718441
Maruti,Baleno,2022,66997,862843,548685
Hyundai,Venue,2018,44978,1228660,672996
Maruti,Swift,2016,15063,794855,278199
Mahindra,Scorpio,2015,92285,1689533,591336
Honda,Amaze,2024,20500,806583,638264
Maruti,Swift,2022,92894,713681,395685
Tata,Punch,2018,15844,947743,390344
Maruti,Brezza,2021,21909,1036951,769586
Tata,Harrier,2024,113804,1779631,1465883
Hyundai,Creta,2023,84295,1381166,1124260
Mahindra,Scorpio,2021,34963,1607852,734948
Maruti,Swift,2020,73251,605897,317594
Mahindra,Thar Roxx,2018,57524,1870652,654728
Mahindra,XUV300,2021,15523,1381379,921757
Hyundai,Creta,2015,77638,1305205,456821
Tata,Harrier,2024,51420,1838763,1582349
Honda,City,2024,60757,1032746,799878
Tata,Harrier,2022,98079,1722569,1351855
Maruti,Brezza,2024,51821,1173156,1021404
Honda,Amaze,2025,7651,852622,759633
Maruti,Baleno,2015,30503,756811,264883
Tata,Harrier,2019,13387,1800697,630243
Maruti,Brezza,2024,105722,1050888,800333
Tata,Nexon,2016,64598,1110724,388753
Maruti,Swift,2024,76178,714762,601214
Hyundai,i20,2015,113444,859976,331703
Maruti,Brezza,2017,11679,1173859,410850
Hyundai,i20,2018,100116,743481,338049
Mahindra,Scorpio,2017,79912,1551767,749839
Honda,City,2019,68823,1014889,355211
Mahindra,XUV300,2025,111702,1249492,1163513
Honda,Amaze,2018,60465,829349,449503
Honda,Amaze,2022,68529,760784,500127
Maruti,Baleno,2019,11765,824304,412948
Tata,Nexon,2023,37745,1230321,791470
Tata,Harrier,2018,49995,1843698,856018
Maruti,Swift,2023,43270,746510,510443
Maruti,Swift,2017,106692,612990,302698
Honda,Civic,2024,70440,1799858,1463879
Maruti,Brezza,2023,22931,1114951,937400
Mahindra,Scorpio,2020,22980,1621336,722969
Honda,Amaze,2024,104528,873257,776979
Honda,Civic,2019,28982,1862636,676947
Mahindra,Thar Roxx,2017,99709,1893817,662835
Tata,Nexon,2019,105720,1132732,592645
Honda,Amaze,2021,23590,947058,695038
Maruti,Brezza,2018,84456,1041054,364368
Hyundai,Creta,2022,38210,1488447,881857
Mahindra,Thar Roxx,2023,61401,1771566,1459869
Honda,City,2015,9860,1005016,351755
Hyundai,Venue,2016,33748,1293603,452761
Honda,City,2023,57758,1004789,836518
Mahindra,XUV300,2018,98206,1220948,427331
Hyundai,i20,2022,8873,839889,649853
Hyundai,Creta,2018,35961,1319629,461870
Mahindra,Scorpio,2024,57846,1618999,1253334
Honda,Amaze,2018,35020,811479,284017
Honda,Amaze,2020,61204,761166,370788
Tata,Harrier,2022,56985,1781959,1209141
Tata,Punch,2020,47525,977809,408052
Honda,City,2016,36699,1016963,355937
Tata,Punch,2018,87788,862347,314530
Maruti,Baleno,2018,55446,901923,315673
Maruti,Brezza,2017,98126,1087273,380545
Maruti,Brezza,2024,13949,1071553,878929
Maruti,Baleno,2018,102012,787829,449731
Hyundai,i20,2022,100704,732780,538616
Tata,Harrier,2023,18713,1852661,1331683
Maruti,Brezza,2022,22517,1011721,772232
Maruti,Swift,2016,87513,724111,253438
Tata,Nexon,2024,53285,1202736,1021316
Maruti,Brezza,2021,40465,1176261,825982
Mahindra,XUV300,2017,67806,1292729,452455
Tata,Nexon,2021,100646,1248618,547234
Honda,Civic,2022,11147,1834119,976019
Maruti,Swift,2021,101362,605668,309149
Tata,Harrier,2018,20664,1756821,643681
Mahindra,Scorpio,2025,105516,1638220,1515894
Tata,Punch,2020,40914,919261,358793
Tata,Harrier,2015,118106,1758705,615546
Mahindra,Thar Roxx,2024,25075,1919263,1618787
Tata,Punch,2025,84650,906686,816445
Mahindra,XUV300,2020,52326,1212408,789963
Maruti,Baleno,2018,73603,759731,364084
Hyundai,Creta,2016,12139,1308757,458064
Maruti,Baleno,2023,46131,842793,588115
Honda,Civic,2015,47999,1831135,640897
Maruti,Brezza,2018,60579,1077715,377200
Tata,Nexon,2025,33936,1233255,1096253
Hyundai,i20,2018,114863,807889,475522
Tata,Punch,2020,50410,870134,304546
Honda,City,2022,73359,1073353,814173
Mahindra,XUV300,2025,97963,1285428,1220848
Honda,Amaze,2019,104219,932089,326231
Honda,Civic,2022,15309,1715034,1091971
Mahindra,Scorpio,2015,90833,1675897,586563
Maruti,Baleno,2020,70870,769126,486529
Mahindra,Thar Roxx,2015,10510,1793601,710587
Honda,Amaze,2021,85124,858656,425095
Mahindra,Thar Roxx,2020,42880,1770237,793743
Hyundai,Venue,2023,101237,1221896,1001055
Honda,Amaze,2025,15407,874202,803192
Hyundai,Creta,2025,69222,1341976,1269755
Mahindra,Scorpio,2017,32810,1683963,697660
Maruti,Swift,2016,33610,755841,264544
Honda,Amaze,2020,112851,789100,327810
Tata,Nexon,2016,55235,1228508,429977
Hyundai,Venue,2023,88539,1138095,850500
Hyundai,Venue,2018,73955,1266531,443285
Tata,Nexon,2020,57123,1206825,793037
Honda,City,2022,5299,1149089,617367
Hyundai,Venue,2015,72238,1150381,402633
Honda,City,2017,11896,1123406,562445
Hyundai,Creta,2023,6357,1491208,1215241
Hyundai,i20,2022,76712,763312,548510
Tata,Punch,2015,102280,908668,318033
Hyundai,i20,2019,28351,850840,525618
Tata,Nexon,2022,68895,1275503,929855
Tata,Nexon,2019,69406,1112972,507511
Hyundai,Creta,2018,21578,1383500,755571
Maruti,Swift,2021,85767,712426,406395
Mahindra,Scorpio,2020,94929,1654447,579056
Hyundai,i20,2024,68664,880736,708260
Hyundai,Creta,2024,96820,1319480,1004208
Mahindra,XUV300,2018,41117,1392138,487248
Honda,City,2018,100817,1044665,365632
Hyundai,Creta,2020,54168,1451824,659032
Tata,Harrier,2015,61699,1702479,595867
Honda,Civic,2023,87974,1885373,1465039
Hyundai,Venue,2022,68176,1222734,801378
Tata,Punch,2018,74801,824339,293651
Honda,Civic,2017,66598,1858271,650394
Tata,Punch,2018,28835,823022,332914
Mahindra,XUV300,2022,62078,1299027,1030903
Hyundai,i20,2015,80093,740524,259183
Mahindra,Scorpio,2023,113683,1543744,1215205
Tata,Nexon,2016,71086,1166143,532998
Mahindra,Thar Roxx,2016,25262,1881778,761341
Tata,Harrier,2018,66033,1843076,921749
Honda,City,2017,55727,1044162,365456
Honda,Amaze,2020,76696,793955,550318
Tata,Nexon,2019,45165,1229423,611542
Hyundai,Venue,2015,95935,1226003,429101
Tata,Nexon,2023,72125,1122829,951342
Honda,City,2022,60128,1199473,899131
Hyundai,Venue,2015,35032,1173471,410714
Maruti,Brezza,2019,113631,1131817,669217
Honda,City,2020,102921,1070464,420808
Honda,City,2016,39884,1010402,374150
Tata,Punch,2023,37455,965989,754862
Tata,Nexon,2017,71926,1196736,418857
Mahindra,XUV300,2023,13028,1231803,1039867
Mahindra,Scorpio,2018,46850,1677597,587158
Tata,Punch,2024,64144,856699,730545
Honda,Amaze,2015,49055,834891,292211
Mahindra,XUV300,2022,66648,1250442,847880
Mahindra,Thar Roxx,2016,17489,1800642,630224
Hyundai,Venue,2020,54868,1156641,521791
Honda,Amaze,2016,6790,893710,331952
Mahindra,Thar Roxx,2017,119684,1870516,654680
Honda,Amaze,2020,6950,911202,394712
Mahindra,Thar Roxx,2016,110579,1792466,627363
Honda,City,2018,47692,1040730,364255
Hyundai,i20,2025,82776,840390,753653
Tata,Punch,2025,82373,864870,817610
Mahindra,Thar Roxx,2024,48798,1845069,1535408
Tata,Punch,2021,68300,806532,461540
Maruti,Swift,2022,103692,759616,454857
Tata,Punch,2021,76121,985658,528024
Honda,Amaze,2017,21104,757447,265106
Tata,Nexon,2015,7784,1225502,428925
Honda,Civic,2025,81878,1848211,1656434
Mahindra,Scorpio,2025,113141,1607868,1467202
Tata,Nexon,2021,73920,1157199,599280
Hyundai,Creta,2025,10240,1445455,1353509
Mahindra,XUV300,2016,88103,1227874,429755
Honda,Civic,2019,23398,1756479,1056665
Mahindra,XUV300,2022,119483,1315792,1029242
Hyundai,i20,2017,74893,796752,348425
Hyundai,Venue,2023,88751,1284790,910290
Maruti,Brezza,2015,111206,1180953,413333
Hyundai,i20,2023,13833,786717,587961
Maruti,Baleno,2017,26415,855373,400836
Hyundai,Creta,2025,93600,1410308,1243693
Hyundai,Venue,2021,60227,1186100,619283
Honda,Amaze,2022,89837,771800,609851
Hyundai,i20,2019,103530,859193,300717
Honda,Civic,2020,114938,1806105,804698
Hyundai,i20,2016,6411,850036,297512
Maruti,Brezza,2016,5759,1138809,398583
Tata,Nexon,2015,103813,1192859,417500
Honda,Civic,2025,117737,1806986,1655575
Honda,Amaze,2024,115683,876722,677955
Hyundai,Creta,2017,9146,1477463,517112
Tata,Harrier,2024,96568,1853592,1451714
Maruti,Swift,2024,35590,616795,531586
Maruti,Brezza,2015,103526,1010969,353839
Mahindra,Thar Roxx,2022,96310,1784366,1000354
Maruti,Swift,2021,97655,651173,443166
Tata,Nexon,2018,20255,1215780,425523
Honda,Civic,2020,79022,1840981,798986
Tata,Nexon,2015,36030,1250233,437581
Honda,Amaze,2017,109420,901501,315525
Hyundai,Creta,2021,116272,1475401,643727
Mahindra,Thar Roxx,2019,45515,1931253,862494
Hyundai,i20,2015,11996,815496,285423
Tata,Harrier,2019,8423,1756135,614647
Mahindra,Scorpio,2024,93787,1691620,1509514
Maruti,Brezza,2017,83804,1101289,385451
Tata,Punch,2015,103614,833988,291895
Honda,Civic,2024,26778,1837648,1430503
Mahindra,XUV300,2022,83142,1207317,776163
Honda,Civic,2021,19807,1799468,1279692
Tata,Nexon,2025,64745,1176686,1113885
Hyundai,Creta,2023,114436,1345676,996434
Mahindra,Scorpio,2016,44856,1693457,592709
Mahindra,XUV300,2018,100201,1221970,427689
Tata,Punch,2021,16836,985277,460453
Mahindra,Thar Roxx,2015,49740,1816358,635725
Honda,City,2025,65170,1163116,1056200
Maruti,Brezza,2018,38148,1067900,589912
Mahindra,Scorpio,2022,36298,1631014,1287182
Maruti,Baleno,2025,103317,797901,716716
Maruti,Brezza,2021,48808,1145517,847274
Tata,Nexon,2025,8496,1112113,998061
Mahindra,Thar Roxx,2015,41805,1847092,805140
Tata,Nexon,2024,49663,1145122,920275
Tata,Harrier,2023,9220,1818686,1355254
Mahindra,Thar Roxx,2025,17242,1753381,1618061
Mahindra,XUV300,2018,31598,1311249,688161
Hyundai,i20,2021,41140,787450,320166
Maruti,Baleno,2018,85178,791023,276858
Mahindra,XUV300,2018,60514,1219649,540135
Maruti,Swift,2018,104380,615151,215302
Mahindra,XUV300,2025,85883,1249696,1183433
Maruti,Brezza,2016,13012,1011925,354173
Tata,Nexon,2022,118437,1148997,864199
Maruti,Brezza,2023,52994,1049698,835175
Maruti,Swift,2015,38922,762918,317127
Mahindra,Thar Roxx,2018,116505,1874944,656230
Tata,Nexon,2017,94922,1178255,412389
Hyundai,Venue,2025,35353,1199414,1086658
Hyundai,Creta,2018,102564,1348614,472014
Hyundai,Creta,2022,31647,1319407,790751
Tata,Harrier,2019,18374,1813602,667205
Honda,Amaze,2015,107948,857905,300266
Maruti,Baleno,2023,82076,781929,637876
Hyundai,i20,2018,28676,852819,298486
Maruti,Baleno,2021,36085,802672,574391
Tata,Nexon,2015,119607,1278048,447316
Hyundai,i20,2015,47891,793965,277887
Mahindra,XUV300,2019,27633,1221917,428371
Hyundai,Venue,2017,58453,1279592,447857
Hyundai,Creta,2015,52231,1482895,519013
Maruti,Baleno,2019,99205,907194,317517
Hyundai,Venue,2019,91913,1103679,386287
Honda,Amaze,2019,88893,934374,327030
Hyundai,i20,2021,65432,874610,357672
Honda,Amaze,2017,119113,836392,292737
Mahindra,Scorpio,2022,48009,1614396,1283445
Honda,Civic,2019,12720,1748359,847513
Maruti,Swift,2016,108809,675383,298684
Hyundai,Creta,2023,98250,1335577,924306
Hyundai,Venue,2021,112988,1209326,646913
Mahindra,XUV300,2018,79450,1315506,595076
Hyundai,Venue,2019,113286,1192546,596194
Mahindra,Scorpio,2024,23485,1510836,1212238
Honda,Amaze,2023,38867,931555,772650
Honda,City,2019,7755,1089503,700935
Honda,Civic,2019,61775,1814911,683907
Tata,Harrier,2020,49208,1869136,654197
Mahindra,Scorpio,2018,35938,1693228,1004340
Honda,Civic,2016,8129,1847211,794005
Tata,Nexon,2015,96281,1298669,454534
Mahindra,Thar Roxx,2024,109928,1826761,1482087
Honda,Amaze,2020,31738,771627,439906
Hyundai,i20,2019,97407,739822,284179
Maruti,Baleno,2025,86240,889594,803160
Hyundai,Venue,2018,108019,1173622,410767
Honda,Civic,2017,34727,1807357,632574
Mahindra,Thar Roxx,2019,75752,1901250,665437
Hyundai,Venue,2023,103098,1133680,842316
Tata,Nexon,2016,72697,1154039,469220
Mahindra,Thar Roxx,2015,114383,1816549,635792
Honda,Civic,2017,59679,1712987,879768
Tata,Harrier,2017,112230,1842485,996138
Maruti,Brezza,2024,15250,1104851,913853
Honda,City,2022,6791,1153237,850413
Honda,City,2024,79718,1082237,940000
Maruti,Swift,2021,15874,666157,400973
Honda,City,2015,73696,1028502,359975
Honda,Civic,2023,39000,1731783,1232824
Maruti,Swift,2017,46275,736721,257852
Hyundai,Creta,2018,77709,1449685,507389
Mahindra,XUV300,2024,32532,1356399,1177070
Mahindra,Scorpio,2023,34108,1603976,1144671
Hyundai,Creta,2021,42572,1371324,689167
Honda,Civic,2017,29030,1821830,637640
Honda,Amaze,2017,91528,946747,368093
Hyundai,Venue,2015,57423,1238400,550370
Tata,Punch,2019,10006,880582,559353
Maruti,Swift,2018,43372,776885,271909
Honda,Civic,2018,18630,1812900,634515
Honda,Civic,2022,94585,1894965,1025213
Maruti,Baleno,2020,82506,932657,538798
Honda,City,2025,118130,1057756,970850
Tata,Nexon,2019,116008,1207820,422737
Tata,Nexon,2023,42183,1119072,722070
Tata,Punch,2015,62794,879805,307931
Hyundai,i20,2023,114584,899831,642239
Hyundai,i20,2020,89543,704373,434238
Mahindra,XUV300,2024,16237,1335340,1098798
Maruti,Baleno,2017,39458,806796,282378
Hyundai,Creta,2016,111755,1354331,503274
Mahindra,XUV300,2021,54477,1307218,885303
Honda,City,2021,22471,1192658,497096
Tata,Nexon,2022,71068,1128500,871056
Mahindra,Scorpio,2025,55786,1658294,1488151
Maruti,Swift,2016,61553,701086,306074
Mahindra,Thar Roxx,2023,109804,1850649,1460102
Tata,Nexon,2020,29822,1195938,744612
Hyundai,i20,2017,21189,733789,256826
Tata,Nexon,2018,57309,1174652,411128
Mahindra,XUV300,2017,75966,1361054,476368
Honda,City,2018,82307,1028490,359971
Honda,City,2020,32627,1107496,515960
Maruti,Swift,2022,62925,603557,476001
Maruti,Brezza,2016,45745,1102306,385807
Hyundai,Venue,2020,35835,1145695,468519
Tata,Harrier,2024,34058,1704400,1335942
Hyundai,i20,2025,111624,784103,711090
Honda,City,2018,105006,1030631,585866
Maruti,Brezza,2025,93729,1014442,906340
Hyundai,i20,2021,92784,891372,665083
Honda,City,2015,29308,1036041,362614
Mahindra,Thar Roxx,2022,59156,1879317,1468976
Hyundai,Creta,2019,7264,1361599,543417
Maruti,Brezza,2019,91344,1071421,374997
Mahindra,XUV300,2018,94477,1223015,428055
Mahindra,Thar Roxx,2024,110563,1819651,1550646
Hyundai,Venue,2016,97413,1210622,423717
Honda,Civic,2019,81234,1747175,611511
Honda,Amaze,2020,16229,758736,265557
Hyundai,Venue,2023,94931,1258371,873416
Honda,City,2020,67414,1190589,505797
Tata,Punch,2025,45753,933077,876511
Mahindra,Scorpio,2024,10916,1518276,1179964
Maruti,Swift,2021,118093,695342,493956
Honda,Amaze,2020,30398,777883,369167
Tata,Nexon,2020,60840,1177107,656855
Maruti,Baleno,2019,115390,898563,314497
Hyundai,Venue,2024,75858,1247126,970400
Hyundai,Venue,2015,22968,1193497,417723
Tata,Nexon,2023,108072,1172321,831976
Maruti,Swift,2016,40855,661227,231429
Maruti,Brezza,2022,35929,1191190,820880
Hyundai,Venue,2018,73706,1239329,508202
Tata,Punch,2019,79008,847194,296517
Tata,Nexon,2020,117995,1264498,566120
Tata,Harrier,2018,13239,1886160,660156
Tata,Punch,2020,40327,866188,506853
Maruti,Baleno,2020,109901,850027,568925
Maruti,Swift,2022,13770,795114,549452
Hyundai,i20,2023,72769,735459,550923
Honda,Amaze,2025,64690,794333,747555
Maruti,Brezza,2018,6411,1193539,439760
Honda,Civic,2023,30073,1743088,1134459
Tata,Harrier,2023,97436,1747494,1444834
Honda,Amaze,2022,118169,934285,497374
Maruti,Baleno,2017,88164,947040,331464
Honda,City,2025,97760,1083198,964380
Tata,Nexon,2017,44410,1264491,442571
Honda,Amaze,2021,45176,813081,352130
Maruti,Swift,2024,57294,749005,602637
Maruti,Swift,2019,111559,684532,239586
Hyundai,Venue,2024,63011,1266688,1047345
Honda,City,2016,70526,1062691,371941
Mahindra,XUV300,2021,60603,1392367,924366
Mahindra,Thar Roxx,2017,40442,1778319,622411
Tata,Nexon,2016,110215,1249568,460198
Tata,Harrier,2025,23434,1840641,1641880
Mahindra,Scorpio,2016,100308,1602714,560949
Mahindra,Thar Roxx,2025,65275,1755100,1569515
Honda,Civic,2019,54236,1717112,600989
Mahindra,Thar Roxx,2025,44077,1858865,1695913
Maruti,Brezza,2015,52019,1183320,414162
Hyundai,Creta,2020,71143,1304994,622118
Mahindra,Scorpio,2018,60405,1637214,573024
Honda,Civic,2025,9239,1729438,1614904
Maruti,Baleno,2016,41927,878178,307362
Honda,City,2016,60906,1145412,400894
Mahindra,XUV300,2017,68387,1352408,473342
Mahindra,Scorpio,2019,96334,1616668,911253
Mahindra,XUV300,2016,65944,1347186,471515
Honda,City,2025,39116,1098792,1022613
Honda,City,2022,12132,1035093,790157
Honda,Amaze,2015,103012,885061,321109
Hyundai,Venue,2024,9162,1230804,1097961
Tata,Harrier,2016,108088,1713836,697847
Tata,Nexon,2016,92261,1251151,437902
Tata,Nexon,2020,76525,1195010,425247
Mahindra,Scorpio,2020,83421,1642067,887703
Honda,Amaze,2021,15725,909391,591003
Hyundai,i20,2016,57005,768397,363962
Maruti,Swift,2019,22097,634556,317732
Maruti,Brezza,2016,30327,1183395,418407
Hyundai,Creta,2023,44991,1427916,1188932
Hyundai,Creta,2018,74838,1307641,587765
Hyundai,i20,2016,28529,755458,264410
Tata,Harrier,2018,99910,1831000,640850
Hyundai,i20,2021,68880,866854,628126
Mahindra,XUV300,2017,29914,1254306,593190
Honda,Civic,2020,115276,1821293,786294
Hyundai,i20,2017,60502,700153,245053
Mahindra,XUV300,2021,105727,1230838,811936
Tata,Nexon,2022,58707,1167860,873310
Hyundai,Venue,2022,35416,1227185,729458
Tata,Harrier,2018,110608,1788686,626040
Maruti,Brezza,2015,48257,1060475,371166
Mahindra,Thar Roxx,2019,74730,1866068,1181468
Tata,Punch,2020,31069,961492,373929
Mahindra,Thar Roxx,2021,74229,1866158,1167540
Honda,Civic,2019,15153,1805268,631843
Honda,Amaze,2019,70544,878070,554150
Mahindra,XUV300,2019,94547,1352866,535195
Maruti,Baleno,2023,62994,890836,681715
Tata,Punch,2021,75340,875273,582819
Honda,City,2015,59051,1059395,370788
Maruti,Baleno,2016,61449,851572,377950
Honda,Amaze,2015,75201,812546,284391
Tata,Punch,2017,105469,922291,322801
Hyundai,i20,2024,78013,859666,686937
Honda,City,2018,41495,1194467,457683
Tata,Nexon,2023,52148,1245613,931346
Tata,Punch,2025,72504,905515,835586
Honda,Civic,2025,32273,1792947,1621962
Honda,Civic,2025,72781,1824710,1626890
Mahindra,Scorpio,2025,97365,1661971,1522965
Mahindra,Thar Roxx,2023,55876,1797920,1378716
Tata,Nexon,2020,83446,1244465,489051
Tata,Punch,2022,54800,984952,545702
Hyundai,Venue,2025,18122,1247793,1170134
Honda,Amaze,2020,75563,790427,276649
Maruti,Baleno,2017,11667,818730,286555
Hyundai,i20,2019,43351,745245,444206
Honda,Amaze,2019,82204,818422,286447
Hyundai,Venue,2018,116308,1158929,405625
Tata,Nexon,2015,90586,1290716,451750
Tata,Harrier,2018,73281,1744153,610453
Honda,Civic,2024,97355,1865646,1624470
Hyundai,Venue,2017,52144,1241808,434632
Mahindra,Thar Roxx,2022,51928,1816922,1171147
Hyundai,i20,2018,91533,741591,439504
Maruti,Swift,2018,42989,768253,444181
Maruti,Brezza,2020,11998,1151012,583522
Hyundai,i20,2019,13640,740207,259072
Maruti,Brezza,2017,108916,1004356,435378
Maruti,Baleno,2018,73128,792060,277221
Tata,Harrier,2017,73426,1838228,643379
Maruti,Brezza,2018,23896,1027534,536345
Honda,Civic,2015,45647,1741821,609637
Maruti,Brezza,2024,117911,1181940,970176
Mahindra,XUV300,2019,26520,1364040,477413
Mahindra,XUV300,2019,116866,1305226,787184
Honda,Civic,2017,9581,1786170,808014
Tata,Harrier,2019,13322,1860942,761735
Honda,City,2025,71284,1133761,1026701
Mahindra,Scorpio,2015,72200,1675030,586260
Honda,Civic,2020,59626,1823228,638129
Mahindra,Scorpio,2025,37046,1599963,1444792
Tata,Nexon,2023,112324,1251847,933742
Mahindra,Thar Roxx,2016,94479,1945529,680935
Honda,City,2019,14229,1047821,568329
Honda,Civic,2018,39700,1732367,775569
Maruti,Brezza,2025,110495,1134623,1023406
Honda,City,2024,28669,1026839,869667
Honda,City,2023,56393,1128438,864284
Honda,Civic,2018,25744,1824891,920314
Mahindra,Thar Roxx,2023,91651,1767853,1379611
Mahindra,XUV300,2025,74700,1201867,1073643
Tata,Punch,2021,111508,810950,581782
Mahindra,XUV300,2019,26993,1308431,748001
Honda,City,2025,24661,1110765,996365
Honda,Amaze,2025,98088,912744,805575
Maruti,Brezza,2023,14158,1119056,757874
Hyundai,i20,2018,33221,829169,423125
Hyundai,Creta,2020,24494,1355699,899432
Tata,Punch,2021,62493,996280,644582
Tata,Punch,2023,36892,904084,652271
Tata,Nexon,2023,30200,1201095,933089
Maruti,Baleno,2023,39830,850313,569168
Honda,Civic,2016,66372,1757408,615092
Tata,Harrier,2020,105119,1783847,752152
Hyundai,Creta,2025,33955,1482650,1383843
Tata,Nexon,2017,97834,1239283,443306
Tata,Nexon,2022,14805,1113851,730247
Mahindra,Scorpio,2015,85184,1596703,558846
Tata,Punch,2022,90311,926460,515842
Hyundai,Venue,2020,45740,1208980,423143
Maruti,Brezza,2020,109211,1085156,632341
Honda,Civic,2020,60853,1708445,675714
Mahindra,Scorpio,2017,25827,1559472,545815
Tata,Punch,2021,79372,978390,687565
Mahindra,Scorpio,2023,87285,1690096,1362008
Tata,Punch,2024,90182,944578,756155
Tata,Harrier,2017,60834,1888509,660978
Mahindra,Scorpio,2022,57966,1503865,1197982
Hyundai,i20,2025,109513,720944,662680
Hyundai,Creta,2018,56907,1348808,472082
Hyundai,Creta,2025,26305,1400804,1299396
Hyundai,i20,2023,82478,809943,558164
Honda,Amaze,2016,113123,909335,318267
Honda,Amaze,2021,7949,941543,633681
Hyundai,i20,2022,14664,752118,431832
Honda,Amaze,2018,54645,795562,444132
Mahindra,Scorpio,2016,22312,1564148,547451
Mahindra,Scorpio,2018,9143,1552320,543312
Tata,Harrier,2017,70262,1870312,877380
Maruti,Baleno,2017,34462,752552,263393
Mahindra,XUV300,2015,117923,1246541,496291
Maruti,Swift,2018,42695,777041,271964
Hyundai,Creta,2018,53671,1317427,461099
Mahindra,XUV300,2022,76179,1388434,787128
Tata,Nexon,2021,34596,1229932,678914
Mahindra,Thar Roxx,2025,56936,1943441,1824922
Tata,Harrier,2023,90212,1740759,1364000
Mahindra,Scorpio,2018,67692,1612834,875956
Mahindra,XUV300,2015,65701,1329450,465307
Hyundai,i20,2016,68862,886719,310351
Maruti,Brezza,2022,74877,1018869,779300
Hyundai,Venue,2017,49849,1247124,436493
Tata,Punch,2023,75662,864824,653225
Maruti,Baleno,2016,78694,817281,286048
Honda,Amaze,2023,51597,904883,760424
Honda,City,2023,113458,1151605,928464
Tata,Nexon,2025,68236,1151259,1051765
Honda,Civic,2017,80708,1802719,630951
Maruti,Baleno,2020,45604,826444,289255
Honda,City,2025,97380,1065288,954870
Maruti,Brezza,2016,71194,1128880,395108
Honda,City,2018,67837,1124164,476959
Tata,Harrier,2020,94370,1768662,1053905
Maruti,Baleno,2023,9639,859118,565962
Maruti,Brezza,2023,48300,1102766,798132
Mahindra,Thar Roxx,2021,51282,1878204,1321825
Hyundai,Creta,2021,65407,1490320,766906
Honda,City,2024,61620,1094184,911368
Maruti,Baleno,2024,70103,918030,766130
Maruti,Baleno,2020,76938,802192,398789
Honda,Amaze,2021,104458,874939,377206
Mahindra,Thar Roxx,2018,39296,1892359,662325
Honda,Amaze,2020,81095,798188,351554
Honda,Civic,2021,56339,1714166,1145768
Honda,Amaze,2025,76372,916852,856155
Maruti,Brezza,2018,109310,1065734,576789
Mahindra,Thar Roxx,2018,103374,1752052,1040988
Maruti,Swift,2025,115611,669927,596780
Hyundai,Creta,2025,80596,1493688,1325211
Hyundai,i20,2019,23868,733390,397634
Mahindra,Thar Roxx,2019,43300,1894237,1076824
Maruti,Swift,2016,99992,693756,242814
Mahindra,Scorpio,2023,115008,1698807,1343127
Hyundai,Venue,2018,115941,1243732,435306
Mahindra,Thar Roxx,2019,87606,1881172,658410
Hyundai,Creta,2018,51898,1473981,655329
Mahindra,XUV300,2016,35597,1390293,486602
Mahindra,XUV300,2019,94324,1376691,595599
Honda,Amaze,2023,35740,895563,630519
Tata,Harrier,2020,11764,1805769,851337
Hyundai,i20,2020,24658,856763,446202
Tata,Punch,2021,12514,823434,333216
Tata,Punch,2018,94575,892101,340516
Honda,Civic,2021,20057,1829101,1101411
Tata,Nexon,2023,79779,1290428,876251
Maruti,Baleno,2018,51087,916227,320679
Honda,City,2017,6655,1055034,369261
Honda,Amaze,2022,54400,947738,540502
Mahindra,Thar Roxx,2018,32230,1789882,795181
Tata,Nexon,2023,22777,1284854,1071083
Honda,Civic,2019,97341,1861242,936859
Mahindra,Scorpio,2022,66328,1582191,1233779
Hyundai,i20,2023,110454,741586,596407
Hyundai,Creta,2024,109247,1438273,1226521
Mahindra,Thar Roxx,2020,23106,1752483,1017726
Tata,Nexon,2019,47683,1121002,392350
Honda,City,2015,26192,1000788,350275
Maruti,Brezza,2021,33871,1052897,634845
Mahindra,XUV300,2016,14692,1345113,470789
Mahindra,XUV300,2016,25291,1370459,479660
Honda,Amaze,2015,103878,874687,306140
Hyundai,Venue,2018,10114,1219531,588462
Honda,Civic,2017,33331,1745120,610792
Mahindra,Scorpio,2023,58045,1564162,1169055
Honda,Civic,2024,104035,1824512,1509415
Honda,Amaze,2017,8222,774723,348679
Mahindra,XUV300,2024,47323,1387938,1175400
Mahindra,XUV300,2021,83768,1337014,913072
Maruti,Baleno,2022,78724,902529,491992
Hyundai,Creta,2016,46807,1490831,521790
Honda,City,2022,109150,1130480,736897
Tata,Nexon,2018,51633,1284001,742906
Hyundai,i20,2021,57659,847445,371245
Tata,Punch,2015,39622,893287,312650
Honda,Amaze,2023,47600,831506,706750
Honda,Civic,2016,90963,1882660,658931
Mahindra,XUV300,2021,23828,1288440,808978
Mahindra,Thar Roxx,2025,44286,1753461,1562607
Hyundai,Creta,2023,24345,1430430,915656
Honda,Civic,2023,91915,1729460,1347749
Honda,City,2023,10507,1160373,758957
Hyundai,Creta,2023,78080,1413521,1090340
Tata,Punch,2025,15079,934582,852588
Honda,Amaze,2024,62457,875909,726645
Hyundai,i20,2024,106327,736987,576844
Maruti,Brezza,2021,102462,1164979,551368
Tata,Punch,2015,103806,860930,301325
Honda,Civic,2021,21097,1708044,731770
Honda,Civic,2021,29415,1899342,1108878
Maruti,Swift,2018,114945,635813,327366
Honda,Amaze,2018,119222,922412,374457
Hyundai,Venue,2015,113185,1188214,465265
Honda,City,2023,110502,1130918,901001
Maruti,Swift,2018,79688,699711,244898
Mahindra,XUV300,2019,69545,1338203,481168
Honda,Amaze,2016,15795,891314,311959
Maruti,Swift,2022,87670,732886,504831
Maruti,Brezza,2025,70309,1082798,1019849
Tata,Nexon,2016,34319,1125415,393895
Tata,Nexon,2023,91708,1133753,733804
Mahindra,Thar Roxx,2022,93282,1909259,1383784
Maruti,Brezza,2024,65313,1118539,1005993
Mahindra,Scorpio,2025,43959,1599842,1433037
Mahindra,Thar Roxx,2023,25900,1930425,1438216
Honda,Amaze,2024,44482,902692,688430
Tata,Nexon,2022,53496,1158659,653731
Mahindra,Scorpio,2018,93314,1625710,568998
Tata,Harrier,2015,37619,1817420,636097
Tata,Punch,2016,54356,864680,302638
Honda,Civic,2019,102320,1884615,714519
Honda,Civic,2019,62717,1894587,663105
Mahindra,XUV300,2024,89050,1274355,979096
Mahindra,Scorpio,2021,86530,1587865,803203
Honda,Civic,2017,100844,1775325,621363
Maruti,Baleno,2016,75873,949984,332494
Mahindra,XUV300,2020,13705,1224317,533120
Honda,Civic,2016,102947,1717056,600969
Maruti,Swift,2023,29692,757499,497370
Mahindra,XUV300,2025,62638,1395986,1248950
Mahindra,Scorpio,2021,26686,1656195,1008174
Honda,Amaze,2021,32360,801881,411213
Mahindra,XUV300,2019,87149,1394956,685333
Honda,Civic,2020,101901,1853833,1060509
Tata,Harrier,2015,54478,1854904,649216
Maruti,Swift,2016,119264,726566,254298
Tata,Punch,2018,94145,983980,344393
Maruti,Brezza,2018,54898,1156013,584537
Hyundai,Creta,2016,33030,1365924,478073
Honda,City,2018,40925,1122640,392924
Hyundai,i20,2016,77187,891388,324720
Maruti,Swift,2015,8773,631747,221111
Hyundai,Venue,2025,118776,1136119,1043475
Honda,City,2023,62106,1151978,971217
Tata,Harrier,2022,32783,1762117,1338707
Honda,Amaze,2025,6527,826149,758290
Maruti,Baleno,2017,56010,816357,285724
Maruti,Brezza,2024,117164,1141552,907620
Hyundai,i20,2017,9440,866625,303318
Tata,Punch,2019,48361,926020,465252
Honda,City,2025,119526,1031875,961628
Maruti,Baleno,2025,96308,912409,844403
Tata,Nexon,2024,34846,1205570,963453
Honda,Amaze,2022,48539,875538,690882
Tata,Harrier,2018,52876,1705400,710140
Tata,Punch,2025,88445,877730,816157
Honda,Civic,2023,26017,1702418,1289433
Maruti,Swift,2019,66710,648454,310718
Tata,Harrier,2020,46331,1851622,669761
Hyundai,Creta,2017,103765,1488654,521028
Honda,Civic,2015,53381,1818734,636556
Mahindra,Thar Roxx,2021,86062,1892446,965895
Hyundai,i20,2022,41567,725038,400215
Mahindra,Thar Roxx,2022,13991,1857006,1012204
Mahindra,Scorpio,2016,17177,1559048,545666
Mahindra,XUV300,2017,77633,1249747,437411
Maruti,Brezza,2018,98566,1075396,376388
Maruti,Brezza,2024,60727,1189242,1026482
Honda,Civic,2016,38555,1811734,810770
Maruti,Swift,2016,44709,685182,292180
Honda,Amaze,2015,25172,789795,322100
Mahindra,Thar Roxx,2015,53949,1754028,613909
Mahindra,Thar Roxx,2015,8507,1924035,673412
Maruti,Swift,2021,97737,602009,331951
Hyundai,Creta,2022,72481,1471857,900130
Maruti,Baleno,2017,112447,774623,271118
Maruti,Baleno,2021,114166,847561,371036
Hyundai,i20,2021,5378,715336,441421
Tata,Punch,2021,103783,932689,616204
Tata,Harrier,2020,69840,1743335,1052886
Mahindra,Scorpio,2024,20687,1550035,1205575
Hyundai,Venue,2021,34623,1117217,778752
Mahindra,Thar Roxx,2025,73355,1819969,1654370
Honda,Amaze,2018,40873,864743,496626
Mahindra,XUV300,2020,39340,1263604,854642
Tata,Punch,2017,93521,857525,300133
Maruti,Swift,2023,19870,732684,580231
Mahindra,XUV300,2025,110707,1206866,1071062
Hyundai,Creta,2019,35468,1434893,502212
Hyundai,Venue,2024,35300,1193413,924439
Honda,City,2016,8557,1054022,368907
Tata,Punch,2022,90766,864632,533507
Tata,Nexon,2018,14746,1217249,651458
Tata,Harrier,2024,71143,1702002,1468037
Tata,Harrier,2021,113066,1872200,980231
Honda,Amaze,2017,32417,792006,277202
Honda,Amaze,2016,92947,890604,425829
Maruti,Swift,2025,42743,633366,572233
Tata,Punch,2023,29813,889070,720911
Maruti,Baleno,2017,68401,926719,324351
Maruti,Baleno,2019,59406,852382,298333
Maruti,Brezza,2023,114230,1052808,723147
Mahindra,Scorpio,2017,12697,1545665,540982
Hyundai,i20,2019,61116,782231,388240
Mahindra,XUV300,2024,69783,1209200,975602
Tata,Harrier,2021,104072,1892527,1354196
Honda,Civic,2023,91012,1713810,1128647
Maruti,Baleno,2023,100475,783494,523705
Hyundai,Venue,2023,82899,1195675,863307
Hyundai,i20,2015,68813,741226,259429
Mahindra,Scorpio,2022,17356,1640683,949051
Hyundai,Creta,2016,7515,1382435,544960
Mahindra,XUV300,2021,11131,1316318,720323
Honda,City,2023,80529,1118476,748192
Tata,Harrier,2020,21322,1813265,819181
Maruti,Brezza,2024,42061,1108393,935746
Mahindra,Thar Roxx,2016,63926,1933668,676783
Tata,Punch,2018,119831,863914,302369
Honda,City,2024,68985,1043398,927243
Hyundai,i20,2022,26758,881281,473335
Tata,Harrier,2018,98797,1892872,866789
Mahindra,Thar Roxx,2022,64630,1818474,1330520
Mahindra,Scorpio,2016,97108,1567577,548651
Mahindra,Scorpio,2021,119621,1625461,907644
Maruti,Baleno,2019,62893,917881,321258
Hyundai,i20,2022,9846,758502,520554
Maruti,Baleno,2017,51098,808770,336860
Maruti,Baleno,2022,48012,801162,622788
Hyundai,Venue,2015,76896,1239247,433736
Tata,Harrier,2015,59359,1841738,644608
Maruti,Swift,2025,46049,608579,550628
Hyundai,i20,2023,67013,810276,534683
Honda,City,2020,99582,1070562,661043
Mahindra,Scorpio,2023,14431,1664315,1252173
Mahindra,XUV300,2019,18755,1396771,488869
Maruti,Baleno,2017,115701,879424,307798
Hyundai,Venue,2019,33144,1169695,579239
Mahindra,Thar Roxx,2018,15219,1926603,788112
Hyundai,i20,2017,60018,767743,268710
Hyundai,Creta,2018,83665,1342418,469846
Hyundai,Creta,2016,119421,1351654,473078
Mahindra,XUV300,2021,87982,1274430,838133
Honda,Civic,2021,8500,1765579,931713
Honda,City,2023,56414,1071260,808632
Maruti,Swift,2024,15146,606995,518352
Maruti,Baleno,2018,88615,807789,282726
Hyundai,i20,2020,19429,789478,518104
Tata,Nexon,2019,52873,1278486,447470
Honda,Amaze,2025,14448,854009,802303
Maruti,Brezza,2024,97451,1126935,914774
Hyundai,Creta,2021,110864,1311058,760787
Honda,Amaze,2025,70713,845489,781178
Tata,Harrier,2016,9881,1706914,597419
Maruti,Swift,2024,93371,660050,548944
Mahindra,Thar Roxx,2020,42697,1779527,1015068
Honda,City,2025,14738,1177367,1080976
Maruti,Brezza,2021,82158,1058701,719898
Mahindra,XUV300,2019,9390,1340062,469021
Maruti,Swift,2021,56839,616428,459538
Hyundai,i20,2021,91670,822120,358430
Maruti,Baleno,2022,113085,785773,554626
Hyundai,Creta,2015,78996,1460745,616795
Mahindra,Scorpio,2016,84146,1659159,664749
Hyundai,i20,2021,81667,869627,583726
Honda,Civic,2023,38724,1707955,1247450
Hyundai,Venue,2021,86975,1188261,711260
Mahindra,Thar Roxx,2023,76345,1918105,1488867
Tata,Nexon,2024,75845,1215662,1008008
Honda,Civic,2017,118869,1720092,703872
Tata,Punch,2016,78907,815048,285266
Hyundai,Venue,2016,106048,1109451,388307
Hyundai,Creta,2019,45094,1345906,572297
Tata,Punch,2016,119011,837933,293276
Honda,City,2025,57926,1135301,1046414
Tata,Punch,2020,111610,960644,429809
Hyundai,i20,2024,117674,803416,716447
Mahindra,Scorpio,2016,8597,1562485,546869
Tata,Harrier,2020,106140,1726984,940794
Honda,Amaze,2022,99260,810513,463214
Maruti,Baleno,2025,80415,922731,842488
Mahindra,XUV300,2020,34402,1361825,676986
Maruti,Brezza,2015,22411,1109290,388251
Mahindra,Thar Roxx,2023,91526,1910058,1599704
Mahindra,Scorpio,2021,32614,1557729,872876
Tata,Harrier,2022,104945,1884470,1049137
Maruti,Baleno,2015,61605,923513,323229
Mahindra,XUV300,2017,54882,1230102,430535
Mahindra,XUV300,2021,26170,1202164,610103
Mahindra,Thar Roxx,2017,22647,1923341,1049515
Tata,Nexon,2017,52495,1118743,505360
Honda,Civic,2017,7758,1746229,611180
Tata,Harrier,2020,12171,1805874,761243
Hyundai,i20,2021,29957,899371,366826
Tata,Nexon,2021,65473,1297456,608337
Tata,Nexon,2015,8066,1121789,392626
Mahindra,Thar Roxx,2015,21756,1788859,626100
Mahindra,XUV300,2019,65114,1333607,466762
Tata,Punch,2016,88993,852469,399172
Mahindra,Scorpio,2018,70197,1675849,586547
Maruti,Baleno,2016,86889,840650,294227
Mahindra,Thar Roxx,2025,24022,1772534,1610057
Tata,Harrier,2025,51037,1880551,1675109
Honda,Civic,2025,90655,1794421,1590503
Tata,Harrier,2019,44143,1869336,654267
Hyundai,Creta,2017,119765,1376597,497350
Maruti,Baleno,2022,43833,898378,555220
Hyundai,i20,2015,50489,772623,270418
Maruti,Baleno,2015,27725,755813,264534
Honda,City,2023,113954,1119850,773505
Honda,Civic,2020,11492,1767945,1044528
Maruti,Baleno,2024,102602,751378,607116
Hyundai,i20,2017,48142,750941,262829
Hyundai,i20,2019,41064,878849,537942
Mahindra,XUV300,2015,108679,1350771,497821
Maruti,Brezza,2020,50570,1114863,591891
Hyundai,Creta,2015,21076,1459860,510950
Hyundai,i20,2025,83332,702108,660356
Mahindra,Thar Roxx,2024,113289,1797064,1452214
Mahindra,XUV300,2024,38847,1235098,1049884
Maruti,Brezza,2018,61301,1028104,359836
Hyundai,i20,2022,30483,886785,470144
Tata,Nexon,2023,112472,1263065,834339
Tata,Nexon,2017,46860,1261406,539949
Mahindra,Thar Roxx,2025,33371,1866115,1679383
Hyundai,Venue,2017,99046,1138856,509729
Honda,Civic,2025,49960,1855088,1717726
Maruti,Baleno,2018,116252,821567,287548
Tata,Nexon,2021,14363,1146221,661769
Hyundai,Creta,2018,62272,1393024,606811
Mahindra,Scorpio,2015,76024,1657278,580047
Maruti,Baleno,2022,47526,859548,622675
Honda,Civic,2024,62234,1896261,1584858
Tata,Punch,2016,55156,945443,330905
Hyundai,Venue,2017,43737,1193991,638289
Mahindra,XUV300,2019,51199,1321984,477211
Honda,City,2016,89531,1119762,391916
Tata,Punch,2018,55955,878159,448713
Mahindra,Thar Roxx,2020,49161,1896997,663948
Mahindra,Scorpio,2025,82559,1613983,1505831
Maruti,Brezza,2016,71492,1064097,372433
Maruti,Baleno,2019,46138,877936,307277
Hyundai,Creta,2022,21084,1444970,1006055
Honda,Amaze,2016,109580,759599,265859
Hyundai,Venue,2016,111805,1114591,390106
Mahindra,Scorpio,2019,44352,1691308,591957
Honda,City,2019,91761,1026398,420601
Maruti,Brezza,2025,64246,1080824,990830
Hyundai,Creta,2024,65523,1301800,1161930
Hyundai,Creta,2020,80695,1375844,481545
Tata,Harrier,2017,16462,1880794,658277
Hyundai,i20,2019,77539,846739,296358
Honda,City,2024,112391,1086180,844434
Maruti,Baleno,2022,95550,758100,571862
Hyundai,Creta,2017,97798,1476664,542672
Hyundai,Creta,2022,65357,1325588,889602
Maruti,Brezza,2018,54509,1124811,393683
Tata,Punch,2022,35298,886785,612913
Honda,Civic,2025,112788,1729244,1576181
Maruti,Brezza,2017,43586,1119513,391829
Mahindra,Thar Roxx,2020,59569,1785303,1006578
Honda,Amaze,2019,36967,945316,507508
Honda,Civic,2024,68720,1829709,1505647
Hyundai,i20,2018,55575,747330,261565
Tata,Harrier,2025,102028,1837980,1682980
Mahindra,Scorpio,2020,92178,1527154,1034520
Tata,Harrier,2016,91976,1797859,691108
Mahindra,XUV300,2020,64542,1339233,772141
Mahindra,XUV300,2024,29873,1275336,1050528
Maruti,Baleno,2023,102859,911235,767295
Mahindra,Thar Roxx,2023,53202,1852332,1561904
Honda,Civic,2023,66146,1759390,1246496
Mahindra,XUV300,2022,53422,1329366,840199
Honda,Amaze,2018,27431,858295,315272
Tata,Nexon,2022,15707,1190262,803990
Mahindra,XUV300,2025,89148,1221386,1100952
Tata,Harrier,2017,94641,1834133,641946
Honda,Amaze,2023,114987,853006,705558
Maruti,Baleno,2024,31103,783054,631681
Mahindra,Thar Roxx,2022,58702,1781595,1261528
Hyundai,i20,2025,45108,799362,715290
Mahindra,Scorpio,2024,22654,1607995,1425054
Maruti,Swift,2023,97994,702589,554259
Mahindra,Scorpio,2025,93895,1672561,1523938
Honda,Amaze,2022,104332,891202,691639
Honda,City,2020,97657,1101889,431635
Tata,Nexon,2020,41395,1214376,683306
Honda,Amaze,2016,40685,883380,309183
Maruti,Baleno,2022,72675,794322,427497
Maruti,Baleno,2020,103244,906287,546089
Tata,Nexon,2025,40311,1127884,1003163
Honda,Amaze,2023,85401,847401,595548
Hyundai,Venue,2019,50064,1172915,500728
Mahindra,XUV300,2019,62639,1258242,441400
Tata,Harrier,2017,14724,1776024,621608
Maruti,Brezza,2025,20177,1191203,1062000
Mahindra,Scorpio,2020,63917,1559468,1089963
Tata,Punch,2016,75625,855380,299383
Tata,Punch,2017,17952,976767,341868
Tata,Harrier,2025,41330,1770753,1636946
Honda,Civic,2022,93326,1773011,1046398
Hyundai,Venue,2025,105495,1268412,1119272
Tata,Nexon,2023,74538,1283666,846549
Mahindra,Scorpio,2022,21918,1552967,1072481
Honda,City,2021,66958,1056659,458741
Tata,Nexon,2016,110263,1107029,387460
Tata,Harrier,2020,50817,1742425,1057402
Tata,Harrier,2023,37693,1832836,1470986
Mahindra,Scorpio,2022,48719,1683863,1182435
Mahindra,XUV300,2021,19440,1317458,712135
Tata,Nexon,2019,54521,1242328,683871
Mahindra,XUV300,2024,103836,1236556,977487
Hyundai,Creta,2016,74627,1342183,645558
Tata,Punch,2022,23576,973959,655551
Hyundai,Creta,2025,14298,1403468,1271103
Hyundai,i20,2025,109070,877579,809314
Maruti,Swift,2020,84040,771267,419591
Maruti,Baleno,2018,41970,860044,385170
Tata,Punch,2024,116503,832136,716059
Honda,Civic,2019,62202,1824695,772191
Maruti,Swift,2018,66327,794509,278078
Mahindra,Scorpio,2019,80852,1529336,791079
Hyundai,Venue,2015,67776,1235442,439093
Tata,Harrier,2020,101236,1781370,1099297
Honda,Civic,2023,69734,1772387,1335417
Tata,Punch,2019,64888,878704,307546
Hyundai,Venue,2018,59729,1209395,423288
Mahindra,Thar Roxx,2016,74729,1834064,641922
Tata,Nexon,2023,45663,1131423,944198
Hyundai,i20,2023,61444,763122,510679
Hyundai,Venue,2017,5895,1245155,435804
Hyundai,Creta,2022,45583,1458805,903666
Honda,Civic,2024,17755,1881682,1599471
Honda,City,2020,40495,1036364,662313
Hyundai,Creta,2018,112616,1450435,507652
Tata,Punch,2021,80038,881089,380331
Hyundai,i20,2020,85837,889435,311302
Maruti,Swift,2021,48554,639548,477001
Honda,Civic,2018,81310,1870367,988906
Hyundai,Venue,2017,36118,1264985,442744
Hyundai,Creta,2024,67736,1363275,1130344
Honda,City,2016,116865,1066305,373206
Maruti,Baleno,2016,9566,926221,324177
Maruti,Brezza,2022,29944,1062328,647363
Tata,Nexon,2020,92704,1249571,528552
Tata,Nexon,2021,93226,1194584,895468
Mahindra,Thar Roxx,2018,118872,1767148,618501
Mahindra,XUV300,2023,95997,1260275,987536
Honda,Amaze,2023,111185,750554,603006
Hyundai,Creta,2025,59327,1334005,1174850
Honda,Amaze,2021,47854,786467,458310
Tata,Harrier,2019,22591,1878778,939670
Honda,Amaze,2023,79790,863490,645193
Tata,Nexon,2016,106087,1148010,401803
Tata,Nexon,2025,100896,1161531,1040811
Maruti,Swift,2019,7641,656225,362333
Honda,Amaze,2019,116486,757649,381922
Maruti,Swift,2024,34508,664273,572385
Mahindra,Thar Roxx,2016,56965,1870622,654717
Hyundai,Creta,2017,99438,1355333,706082
Mahindra,Thar Roxx,2020,97790,1924673,680689
Mahindra,Scorpio,2022,88162,1517683,946178
Hyundai,Venue,2019,54542,1192478,417367
Honda,Civic,2015,25925,1720515,602180
Tata,Punch,2022,80130,928875,532880
Honda,City,2025,94713,1067650,962934
Mahindra,Thar Roxx,2021,97504,1763823,904480
Hyundai,Creta,2019,114738,1458499,510474
Hyundai,Venue,2022,16220,1135518,679205
Honda,Civic,2024,89097,1881154,1538923
Mahindra,Scorpio,2017,83970,1603209,561123
Honda,Amaze,2021,19826,917442,521851
Tata,Nexon,2023,6835,1129667,773198
Mahindra,XUV300,2024,71820,1254097,1029000
Honda,City,2015,22694,1033324,419716
Honda,Amaze,2024,112098,819681,705951
Mahindra,Thar Roxx,2018,89386,1904510,1018077
Honda,Amaze,2017,67416,891945,369631
Mahindra,Thar Roxx,2017,93238,1895704,663496
Maruti,Brezza,2019,98249,1175181,411313
Maruti,Baleno,2023,86876,858671,713088
Hyundai,Creta,2015,90601,1432269,501294
Honda,Amaze,2015,31901,853407,298692
Mahindra,XUV300,2015,88344,1227285,429549
Honda,Amaze,2015,52809,811585,284054
Maruti,Baleno,2019,25321,922296,322803
Mahindra,Scorpio,2023,81977,1668519,1290794
Hyundai,i20,2022,72246,873834,609238
Honda,Amaze,2024,97779,867167,765146
Hyundai,Venue,2023,13807,1164044,753965
Mahindra,XUV300,2022,30813,1304632,940955
Mahindra,Thar Roxx,2020,76691,1928277,674896
Mahindra,Thar Roxx,2020,98053,1764173,624397
Maruti,Baleno,2025,20073,779114,707905
Tata,Punch,2021,115845,867923,418823
Honda,Civic,2025,21563,1829470,1638754
Tata,Harrier,2025,107991,1723117,1566761
Mahindra,XUV300,2021,6495,1305646,914399
Maruti,Baleno,2017,118542,911109,318888
Hyundai,Venue,2017,72539,1196603,560392
Mahindra,Thar Roxx,2023,92510,1938105,1449316
Mahindra,XUV300,2015,107076,1295376,453381
Mahindra,Scorpio,2020,87205,1533515,694966
Maruti,Baleno,2018,36567,834234,291981
Honda,Civic,2015,34061,1713021,599557
Maruti,Swift,2025,25845,688762,641063
Mahindra,XUV300,2025,111352,1340373,1222322
Mahindra,Scorpio,2022,59913,1569825,1115187
Hyundai,Creta,2025,59000,1421796,1303624
Honda,Amaze,2023,5181,908463,668643
Maruti,Baleno,2023,117889,833959,575247
Mahindra,XUV300,2024,25634,1322484,1133410
Honda,Civic,2015,40241,1737140,607999
Honda,City,2019,15344,1065095,533699
Hyundai,Venue,2020,40696,1288119,689035
Honda,City,2018,72557,1173195,410618
Mahindra,Thar Roxx,2022,69893,1935780,1042186
Honda,Amaze,2018,42790,848155,449378
Hyundai,Venue,2018,77300,1160602,406210
Mahindra,Thar Roxx,2016,37238,1926662,674331
Honda,City,2017,119734,1057341,557353
Tata,Nexon,2021,115122,1150503,734657
Hyundai,Venue,2023,88452,1147549,743458
Maruti,Brezza,2023,18751,1164553,975359
Honda,Civic,2016,20332,1801365,630477
Mahindra,Thar Roxx,2018,82110,1875620,656467
Mahindra,Thar Roxx,2022,112945,1836559,1114895
Maruti,Brezza,2019,88521,1193793,417827
Honda,Civic,2017,97320,1759343,615770
Honda,Amaze,2022,44023,879378,544515
Honda,City,2023,41714,1133589,803653
Honda,Civic,2024,85243,1876061,1474561
Hyundai,Creta,2015,114724,1323360,463175
Tata,Nexon,2022,97275,1186629,928269
Maruti,Baleno,2023,7032,794113,638344
Mahindra,XUV300,2019,73350,1273532,445736
Hyundai,Creta,2017,66244,1328470,584065
Honda,City,2023,44979,1106962,926707
Tata,Punch,2024,111215,909764,803625
Honda,Amaze,2019,33731,907642,330415
Hyundai,Venue,2015,92387,1227046,429466
Honda,Amaze,2017,101045,917221,321027
Tata,Nexon,2025,80776,1299005,1187356
Mahindra,Thar Roxx,2019,24502,1775470,834976
Tata,Nexon,2024,69031,1278499,1023459
Honda,City,2019,74169,1147220,401527
Mahindra,Thar Roxx,2024,106318,1949236,1617633
Tata,Punch,2022,70714,968730,627916
Mahindra,Scorpio,2024,69364,1557299,1276813
Maruti,Swift,2020,99978,766937,268427
Honda,Civic,2021,112496,1898692,1246724
Mahindra,XUV300,2023,28409,1270803,915056
Mahindra,Thar Roxx,2022,29937,1888527,1364256
Honda,City,2022,99164,1081190,748090
Tata,Nexon,2018,91886,1112679,389437
Tata,Punch,2019,31221,850987,507492
Mahindra,XUV300,2025,117711,1236774,1125635
Hyundai,Creta,2020,55054,1316796,621417
Honda,Civic,2015,85784,1715775,600521
Mahindra,XUV300,2020,17852,1387016,688889
Hyundai,i20,2024,22277,738907,574766
Tata,Nexon,2021,74491,1292035,733399
Honda,City,2018,43515,1186202,529544
Hyundai,i20,2019,21887,807155,282504
Honda,Amaze,2015,29806,925880,324058
Maruti,Baleno,2019,101009,786697,402057
Honda,City,2022,33013,1176342,650851
Maruti,Baleno,2017,34579,762283,266799
Honda,City,2018,71002,1010379,504364
Maruti,Brezza,2019,93565,1159272,615700
Maruti,Swift,2025,38412,613833,576589
Hyundai,Creta,2025,83089,1351587,1238511
Hyundai,Creta,2018,55639,1381212,483424
Tata,Nexon,2018,41452,1283610,680866
Hyundai,Creta,2019,111676,1380823,534140
Hyundai,Creta,2019,50943,1481429,675297
Hyundai,Creta,2021,91407,1382403,867760
Tata,Harrier,2018,24716,1775104,621286
Hyundai,Venue,2019,51629,1290011,543680
Hyundai,Venue,2023,24524,1225734,981722
Honda,City,2017,66847,1037427,363099
Tata,Punch,2025,22299,856065,806853
Mahindra,XUV300,2021,25002,1273117,869352
Tata,Harrier,2020,92030,1786439,1145040
Honda,City,2025,56631,1067300,994670
Hyundai,Creta,2016,54937,1344875,470706
Maruti,Brezza,2023,73128,1074180,852471
Tata,Harrier,2024,24192,1887199,1671268
Tata,Nexon,2015,114253,1186716,415350
Maruti,Baleno,2018,26062,838576,293501
Hyundai,i20,2015,96527,827498,289624
Honda,Civic,2021,115412,1813030,817842
Honda,Amaze,2017,55095,803280,428246
Tata,Nexon,2024,50630,1205349,1032042
Hyundai,Creta,2022,26306,1359175,895647
Honda,Amaze,2022,41000,841751,578355
Maruti,Baleno,2019,98196,912949,545152
Mahindra,XUV300,2024,89018,1338805,1105707
Mahindra,Thar Roxx,2015,119353,1903884,706090
Mahindra,Scorpio,2023,67991,1672659,1416839
Tata,Harrier,2015,87867,1764436,617552
Tata,Harrier,2019,59066,1722580,806340
Tata,Harrier,2019,21573,1885724,660003
Mahindra,Scorpio,2017,107258,1667018,583456
Hyundai,Creta,2016,60429,1466537,513287
Hyundai,i20,2016,103952,755178,264312
Mahindra,Scorpio,2016,82499,1564574,547600
Hyundai,i20,2016,26184,773535,270737
Hyundai,Creta,2019,20397,1385817,485035
Tata,Punch,2024,72365,983970,811822
Mahindra,XUV300,2018,95416,1211275,423946
Tata,Nexon,2021,31921,1134258,609165
Tata,Nexon,2019,13956,1202978,518911
Tata,Nexon,2024,70295,1215078,958277
Tata,Harrier,2022,104867,1867078,1212162
Hyundai,Venue,2018,105082,1294659,453130
Hyundai,Venue,2015,93404,1229325,430263
Maruti,Swift,2022,87227,768083,526710
Honda,City,2022,25307,1139481,855284
Mahindra,Scorpio,2020,37738,1506267,585847
Hyundai,Creta,2015,37155,1475928,516574
Maruti,Brezza,2022,10199,1059977,571760
Hyundai,i20,2018,75345,893622,382472
Honda,Amaze,2025,36413,775535,699216
Maruti,Baleno,2017,44807,869345,381356
Honda,Civic,2018,85793,1811793,959978
Tata,Nexon,2015,12868,1243647,435276
Maruti,Baleno,2025,49216,827449,753412
Honda,Civic,2021,33384,1843578,869769
Honda,Amaze,2018,106667,900275,315096
Hyundai,Creta,2015,22913,1377677,482186
Hyundai,Creta,2023,26172,1348370,917065
Hyundai,i20,2022,88630,700443,403501
Honda,Civic,2018,61950,1897643,664175
Tata,Punch,2015,61886,962286,336800
Honda,Civic,2016,74740,1748604,612011
Honda,Amaze,2015,80309,803067,281073
Mahindra,Scorpio,2019,114162,1638992,573647
Honda,Amaze,2022,104774,946089,536646
Maruti,Brezza,2018,70297,1147401,660196
Tata,Punch,2019,18692,815690,285491
Mahindra,Scorpio,2024,92804,1543659,1255373
Tata,Nexon,2021,87649,1148523,676782
Maruti,Baleno,2023,109398,831889,676406
Tata,Harrier,2019,109578,1820784,637274
Mahindra,XUV300,2022,53088,1347164,891644
Tata,Harrier,2016,81857,1746947,611431
Honda,Amaze,2022,105941,840450,447014
Honda,City,2019,118630,1055481,369418
Tata,Nexon,2021,43555,1188368,535464
Honda,City,2024,65492,1138715,957348
Hyundai,Creta,2021,80684,1443169,593934
Mahindra,Scorpio,2025,107993,1607873,1509422
Maruti,Swift,2025,90124,753892,673631
Hyundai,Venue,2018,105756,1276007,714300
Mahindra,Scorpio,2019,82409,1630438,726197
Hyundai,Venue,2024,93201,1207925,1044372
Tata,Punch,2017,43259,849383,444312
Tata,Punch,2018,67780,951747,407449
Mahindra,Scorpio,2016,103167,1606567,562298
Honda,Amaze,2022,100841,767511,554467
Honda,Civic,2016,75926,1721775,602621
Mahindra,Scorpio,2018,80391,1578344,552420
Maruti,Swift,2021,70350,775156,332229
Honda,Civic,2021,65542,1821128,800669
Hyundai,Creta,2016,92290,1303131,456095
Maruti,Baleno,2024,32375,871801,733205
Tata,Punch,2024,117716,916179,708441
Mahindra,XUV300,2023,72663,1346018,1033874
Hyundai,Venue,2015,97191,1128211,394873
Mahindra,Thar Roxx,2020,46184,1833482,936364
Mahindra,Scorpio,2018,117465,1647893,576762
Tata,Nexon,2017,83344,1127183,394514
Honda,Amaze,2020,98808,763158,267105
Hyundai,i20,2017,16113,888785,311074
Mahindra,Scorpio,2020,39476,1522680,843757
Tata,Harrier,2015,84584,1702210,650584
Tata,Harrier,2022,5232,1739108,1346411
Honda,Amaze,2017,49033,828976,290141
Maruti,Brezza,2022,9741,1006466,625183
Tata,Nexon,2017,75514,1205668,540140
Hyundai,Creta,2017,21042,1386478,485267
Tata,Nexon,2023,82002,1260652,979949
Hyundai,Venue,2015,75402,1131769,424266
Hyundai,i20,2017,118054,726573,254300
Tata,Punch,2017,48216,997279,349047
Tata,Punch,2020,31231,954457,439478
Tata,Punch,2021,107119,910188,546691
Tata,Nexon,2021,114553,1277463,681344
Mahindra,Thar Roxx,2016,19964,1836818,655630
Mahindra,Thar Roxx,2015,13709,1880139,658048
Tata,Nexon,2022,92552,1188084,901952
Mahindra,Scorpio,2020,60953,1647066,651723
Tata,Harrier,2020,70368,1746992,1086414
Mahindra,Scorpio,2017,89863,1587606,588608
Hyundai,Creta,2025,47446,1379547,1297710
Honda,Amaze,2023,13587,798781,638084
Hyundai,Creta,2015,65269,1343505,470226
Maruti,Baleno,2016,22152,880696,308243
Honda,Amaze,2024,60356,871102,662320
Tata,Harrier,2017,70730,1844687,645640
Mahindra,Thar Roxx,2025,86798,1863810,1657684
Mahindra,Thar Roxx,2025,10698,1926650,1788478
Maruti,Baleno,2017,44534,827775,289721
Honda,Amaze,2017,44996,785965,400544
Honda,Amaze,2016,116718,763233,267131
Tata,Harrier,2017,79538,1846390,786421
Honda,Amaze,2021,84976,866660,512370
Tata,Punch,2022,86455,862881,486714
Maruti,Brezza,2021,110994,1117062,500064
Tata,Harrier,2023,53254,1872986,1260054
Honda,Amaze,2015,11737,931616,326065
Maruti,Baleno,2016,20560,753152,263603
Honda,Civic,2016,95388,1781210,623423
Hyundai,i20,2024,35132,742983,613751
Honda,City,2015,36361,1159478,405817
Mahindra,Scorpio,2021,114476,1681133,1141863
Maruti,Brezza,2016,64645,1010901,353815
Maruti,Swift,2024,85685,773395,629181
Tata,Nexon,2017,106804,1203140,564227
Mahindra,Scorpio,2015,113242,1626614,569314
Hyundai,Venue,2016,24012,1149147,554922
Maruti,Swift,2020,33103,732736,256457
Tata,Harrier,2018,17462,1729478,605317
Honda,Civic,2015,103860,1795095,628283
Mahindra,Scorpio,2025,114087,1540936,1459116
